legacyId	codigoBarras	nome	descricao	fabricante	precoVenda	estoque
60003		BUBBALOO HORTELA MENTA	1UNID 5G	POLYBALAS DISTIRIBUIDORA	0.50	56
57942		#DES.ABOVE AER.MEN T.BOY150ML	#DES.ABOVE AER.MEN T.BOY150ML	PROCTER & GAMBLE	8.99	2
58204		#DES.MONANGE AER.ANTIDET.150M	#DES.MONANGE AER.ANTIDET.150M	PROCTER & GAMBLE	11.79	2
57567		#DES.MONANGEAER.PROT.SEC.150M	#DES.MONANGEAER.PROT.SEC.150M	PERFUMARIA HIGIENE BELEZA	11.79	3
59386		+ GLIMEPIRIDA 1MG 30 CPS / GENGLIMEPIRIDA	+ GLIMEPIRIDA 1MG 30 CPS / GENGLIMEPIRIDA	PRATI DONADUZZI	14.99	1
57983		ABERALGINA 500MG/ML 20ML AIR	ABERALGINA 500MG/ML 20ML AIR	AIRELA	5.99	0
50485		ABS INTIMUS GEL SUAVE NORMALC/ A 5X32	ABS INTIMUS GEL SUAVE NORMALC/ A 5X32	KIMBERLY-CLARK	20.99	0
2068		ABS INTIMUS GEL SUAVE NOT C/ABAS C/8	NOTURNO SUAVE C/ ABAS	KIMBERLY-CLARK	9.99	3
57072		ABS INTIMUS NOT SUAVE C AB C 30	30 UNID	PROCTER & GAMBLE	33.59	2
60058		ABS INTIMUS TRIPLA PROT 16UN EXTRA SUAVE ABAS(E)16UNID		MARTINS COMERCIO E SERVI OS	11.49	0
59623		ABS MILI BEAUTY INTERNO MINI	8UNID	DICOPLAST DIST E COM DE PLASTICOS LTDA	11.99	1
59625		ABS MILI BEAUTY INTERNO SUPER	8UNID	DICOPLAST DIST E COM DE PLASTICOS LTDA	11.99	1
59234		ABS MILI DIA/NOITE SUAVE C/ABALMPM	ABS MILI DIA/NOITE SUAVE C/ABALMPM	DICOPLAST DIST E COM DE PLASTICOS LTDA	10.99	1
59840		ABS MILI MULHER CONFORTOTOTAL C/ABAS	ABS MILI MULHER CONFORTOTOTAL C/ABAS	MARTINS COMERCIO E SERVI OS	4.49	2
59841		ABS MILI MULHER CONFORTOTOTAL S/ABAS	ABS MILI MULHER CONFORTOTOTAL S/ABAS	MARTINS COMERCIO E SERVI OS	4.49	5
59462		ABS MILI PROT. TOTAL S. C/ABAS 32UND 1X32UND	ABS MILI PROT. TOTAL S. C/ABAS 32UND 1X32UND	DICOPLAST DIST E COM DE PLASTICOS LTDA	17.99	1
59070		ABS MULTIUSO CONFORT MAXI20UN (CONFO)	ABS MULTIUSO CONFORT MAXI20UN (CONFO)	BIOMED MATERIAL MEDICO HOSPITALAR LTDA	24.99	4
45187		ABS OB 10 UND MEDIO L 10 P 8	MEDIO/REGULAR	JOHNSON & JOHNSON	12.99	1
2095		ABS OB SUPER C/10 UNID	SUPER	JOHNSON & JOHNSON	12.99	0
60011		ABS S LIVRE CONF NOTURNO SCC/AB L32P24UN	ABS S LIVRE CONF NOTURNO SCC/AB L32P24UN	MARTINS COMERCIO E SERVI OS	33.49	4
2107		ABS S LIVRE ESP ADAPT C/ABASC/8	ABS S LIVRE ESP ADAPT C/ABASC/8	JOHNSON & JOHNSON	4.99	0
2108		ABS S LIVRE ESP ADAPT S/ABASC/8	ABS S LIVRE ESP ADAPT S/ABASC/8	JOHNSON & JOHNSON	5.99	3
2112		ABS S LIVRE ESP SV C/ABASLV16PG14	ABS S LIVRE ESP SV C/ABASLV16PG14	JOHNSON & JOHNSON	10.49	10
2115		ABS S LIVRE NOT C/ABAS AG.NATUC/8	ABS S LIVRE NOT C/ABAS AG.NATUC/8	JOHNSON & JOHNSON	11.49	2
2119		ABS S LIVRE SVE ADAPT C/ ABAS L8 P 7	ABS S LIVRE SVE ADAPT C/ ABAS L8 P 7	JOHNSON & JOHNSON	4.99	5
58717		ABS SEMPRE LIVRE 32UN ADAPTSUAVE ABAS(E)	ABS SEMPRE LIVRE 32UN ADAPTSUAVE ABAS(E)	SERONO	17.99	4
58017		ABS.ENLACE GE.M.S.C/AB.8X1 OF	UNID	ELI LILLY	3.99	20
60059		ABS.MILI MULHER NOT.ULT.C/A C8X32 R144432UNID		MARTINS COMERCIO E SERVI OS	29.69	0
59297		ABSORV MILI DIA NOITE SUAVEC/ABAS C/8UN	ABSORV MILI DIA NOITE SUAVEC/ABAS C/8UN	DICOPLAST DIST E COM DE PLASTICOS LTDA	5.99	2
59236		ABSORV PROTETOR DIARIO MILI12X40 6x40 QTD. 1.00 P	ABSORV PROTETOR DIARIO MILI12X40 6x40 QTD. 1.00 P	DICOPLAST DIST E COM DE PLASTICOS LTDA	13.99	3
59624		ABSORVENTE INT MINI MILI BEAUTYC/16 UN (L)	ABSORVENTE INT MINI MILI BEAUTYC/16 UN (L)	DICOPLAST DIST E COM DE PLASTICOS LTDA	19.99	2
59490		ACALENTUS 30CPR MAST MXN	30COMP MASTIGAVEIS	PBMED DISTRIBUIDORA LTDA	33.99	2
59489		ACALENTUS MELATONINA 210MCG90CPS	ACALENTUS MELATONINA 210MCG90CPS	PBMED DISTRIBUIDORA LTDA	37.99	2
2196		ACEBROFILINA 25 MG XPE PED 120ML NEOQ.	ACEBROFILINA 25 MG XPE PED 120ML NEOQ.	NEO QUIMICA	19.99	2
2197		ACEBROFILINA 25 MG XPE PEDGEOLAB	ACEBROFILINA 25 MG XPE PEDGEOLAB	GEOLAB	21.99	3
42192		ACETILCISTEINA 10% SOL INJ 5AMP-UN QUIM	ACETILCISTEINA 10% SOL INJ 5AMP-UN QUIM	UNIAO QUIMICA	24.95	2
2228		ACETILCISTEINA XPE ADT 120 MLGERMED	ACETILCISTEINA XPE ADT 120 MLGERMED	GERMED	35.00	1
55891		ACETONA FARMAX 100 ML	ACETONA FARMAX 100 ML	FARMAX	4.99	6
56829		ACICLOVIR	50 mg/g crm bg x 10g	PHARLAB	12.99	2
60069		ACICLOVIR 200MG C/30 COMP PHARLAB30COMP		PHARLAB	24.00	0
57047		ACICLOVIR 400MG 2BLTX15 COM-GLLEGRAND	ACICLOVIR 400MG 2BLTX15 COM-GLLEGRAND	LEGRAND PHARMA	76.99	1
59399		ACICLOVIR 50MG/G CR 10G (-)VITAMEDIC	ACICLOVIR 50MG/G CR 10G (-)VITAMEDIC	VITAMED	11.99	7
59549		ACIDIO SALICILICO (VERRUGAN) C/20G (PHARM)	ACIDIO SALICILICO (VERRUGAN) C/20G (PHARM)	PHARMASCIENCE	19.99	1
49457		ACIDO TRANEXAMICO 250 MG C/12CPR GE	ACIDO TRANEXAMICO 250 MG C/12CPR GE	EMS	57.59	0
2311		ACNEZIL GEL C/ 20 GR	C/ 20 GR	CIMED	16.79	1
56972		ACNEZIL GEL SECATIVO BG 10 G	10G	CIMED	14.49	1
59256		ACNEZIL PROT FPS30 OIL CONTROLBG 60G	ACNEZIL PROT FPS30 OIL CONTROLBG 60G	CIMED	29.99	2
58513		ACNEZIL SABONETE BARRA PELEACNEICA 70G	ACNEZIL SABONETE BARRA PELEACNEICA 70G	CIMED	9.99	1
57329		ACU FRESH	5mg/ml sol oft fr x 10ml	NEO QUIMICA	22.99	2
58415		ACU FRESH G SOL OFT5MG/ML+9MG/ML 10ML *(1,2)	ACU FRESH G SOL OFT5MG/ML+9MG/ML 10ML *(1,2)	GEOLAB	22.99	2
60050		ADTON (VITAMINA A+D) 20ML (AIREL)20ML		AIRELA	14.99	0
2497		AEROFRIN 100 MCG	100 MG/ 200 DOSES	PHARMASCIENCE	29.99	0
60047		AFT RUB SPRAY ROSA RUBRA 30ML30ML		ARTE NATIVA	15.99	0
52649		AFTLIV SPRAY 100 MG/ML 25 ML	AFTLIV SPRAY 100 MG/ML 25 ML	NATULAB	23.99	1
56831		AGIL C KIDS 30MG - ENV C/ 25 PASTGOMAS (PHARLAB)	AGIL C KIDS 30MG - ENV C/ 25 PASTGOMAS (PHARLAB)	PHARLAB	13.99	0
60067		AGIL C KIDS 30MG 25PAST MORANGO (VITAMINA C) / PHA25UNID		PHARLAB	13.99	0
33012		AGUA BORICADA 100 ML	100 ML	DIVERSOS	3.49	3
59845		AGUA DE COL BABY MURIEL 100MLLAVANDA	AGUA DE COL BABY MURIEL 100MLLAVANDA	MURIEL COSMETICOS	17.99	2
59844		AGUA DE COLONIA BABY MURIELCAMOMILA 100ML	AGUA DE COLONIA BABY MURIELCAMOMILA 100ML	MURIEL COSMETICOS	16.99	2
59493		AGUA DE COLONIA POM POM 100ML(ONTEX)	AGUA DE COLONIA POM POM 100ML(ONTEX)	MARTINS COMERCIO E SERVI OS	12.99	2
56678		AGUA FLOR DE LARANJEIRAS	100ML	LAPON	7.99	2
59976		AGUA MICELAR HIDRADERM 100ML	AGUA MICELAR	FARMAX	12.49	2
56796		AGUA OX FARMAX 90ML 10V 1X1	DOURA PELOS	FARMAX	2.99	10
56889		AGUA OX VOL 10	100ML	FARMAX	3.69	5
56900		AGUA OXIGENADA 10 VOL. SPRAY100ML (FARMA)	AGUA OXIGENADA 10 VOL. SPRAY100ML (FARMA)	FARMAX	7.99	4
59703		AGUA OXIGENADA 100ML	100ML	EXPRESS DISTRIBUIDORA DE MEDICAMENTOS LTDA	3.99	3
2590		AGUA OXIGENADA CR 30 VOL 90 MLFARMAX	AGUA OXIGENADA CR 30 VOL 90 MLFARMAX	FARMAX	3.99	4
2594		AGUA OXIGENADA CR 40 VOL 90 MLFARMAX	AGUA OXIGENADA CR 40 VOL 90 MLFARMAX	FARMAX	3.99	4
59806		AGUA OXIGENADA CREMOSA 40VDESCOLORANTE FARMAX 70M	AGUA OXIGENADA CREMOSA 40VDESCOLORANTE FARMAX 70M	FARMAX	3.99	1
58997		AGUA OXIGENADA CREMOSAFARMAX 70ML 20V	AGUA OXIGENADA CREMOSAFARMAX 70ML 20V	PERFUMARIA HIGIENE BELEZA	3.99	5
56832		AGUA RABELO 150 MLENXAGUATORIO	AGUA RABELO 150 MLENXAGUATORIO	LABORATORIO RABELO LTDA	15.99	2
56833		AGUA RABELO 250 MLENXAGUATORIO	AGUA RABELO 250 MLENXAGUATORIO	LABORATORIO RABELO LTDA	23.99	3
56834		AGUA RABELO 500 MLENXAGUATORIO	AGUA RABELO 500 MLENXAGUATORIO	LABORATORIO RABELO LTDA	34.99	3
56835		AGUA RABELO C/ROMA 150 MLENXAGUATORIO	AGUA RABELO C/ROMA 150 MLENXAGUATORIO	LABORATORIO RABELO LTDA	17.99	1
56836		AGUA RABELO C/ROMA 250 MLENXAGUATORIO	AGUA RABELO C/ROMA 250 MLENXAGUATORIO	LABORATORIO RABELO LTDA	22.99	2
56837		AGUA RABELO C/ROMA 500 MLENXAGUATORIO	AGUA RABELO C/ROMA 500 MLENXAGUATORIO	LABORATORIO RABELO LTDA	34.99	1
56839		AGUA RABELO SPRAY SABORROMA 45 ML UNIDADE	AGUA RABELO SPRAY SABORROMA 45 ML UNIDADE	LABORATORIO RABELO LTDA	15.99	3
56840		AGUA RABELO SPRAY Z/ACUCARMENTA 45 ML UNID	AGUA RABELO SPRAY Z/ACUCARMENTA 45 ML UNID	LABORATORIO RABELO LTDA	16.99	4
58921		ALBENDAZOL 400MG 5CPR MASTGEN *(3,4)	ALBENDAZOL 400MG 5CPR MASTGEN *(3,4)	GEOLAB	16.99	0
59518		ALBENDAZOL 400MG C/1 COMPCIMED	ALBENDAZOL 400MG C/1 COMPCIMED	CIMED	5.99	9
58913		ALCAGEST 300MG 80CRP DURA50DP AIR	ALCAGEST 300MG 80CRP DURA50DP AIR	AIRELA	8.99	7
56921		ALCOOL 70 1 L T.L - (BELLO)	1 LT	BELA VISTA	13.99	141
56560		ALCOOL 70% ANTI-SEPTICO 50 ML	ALCOOL 70% ANTI-SEPTICO 50 ML	DIVERSOS	3.99	7
59405		ALCOOL 70% GEL BOLSO 50G(FARMA)	ALCOOL 70% GEL BOLSO 50G(FARMA)	PBMED DISTRIBUIDORA LTDA	4.99	4
59310		ALEMA LAPON (JALAPA) 100 ML(LAPON)	ALEMA LAPON (JALAPA) 100 ML(LAPON)	PBMED DISTRIBUIDORA LTDA	9.49	2
2771		ALENDRONATO SODICO 70 MG C/ 4CPR LEGRAND	ALENDRONATO SODICO 70 MG C/ 4CPR LEGRAND	LEGRAND PHARMA	11.99	1
34628		ALERGALIV 10 MG C/ 15 CPR -LORATADINA LEG.	ALERGALIV 10 MG C/ 15 CPR -LORATADINA LEG.	LEGRAND PHARMA	5.99	8
59826		ALERGALIV 1MG/ML XPE 100ML	100ML	EMS	15.99	2
56636		ALGINAC 1 MG C/ 15 CPR POS	1 MG C/ 15 CPR POS	MERCK	38.99	0
58901		ALGODAO ENLACE DISCO 100X1 OF	100 UNID	PERFUMARIA HIGIENE BELEZA	12.49	1
2854		ALGODAO NATHALYA 50 GR	CAIXA	PERFUMARIA HIGIENE BELEZA	6.99	3
42094		ALGY-FLANDERIL 300 MG C/ 20 CPR	300 MG C/ 20 CPR	VITAPAN	9.99	3
59658		ALICATE CUTICULAS MERHEJEC/ESPAT ROSA	ALICATE CUTICULAS MERHEJEC/ESPAT ROSA	MARTINS COMERCIO E SERVI OS	11.99	2
59283		ALLOVITA 50MG/ML SOL CAPILAR	50ML	LEGRAND PHARMA	54.99	1
56280		ALOPURINOL 100 MG C/ 30 CPR	100 MG X 30 CPR	SANDOZ - HEXAL	14.99	2
2950		ALOPURINOL 300 MG C/ 30 CPRSANDOZ	ALOPURINOL 300 MG C/ 30 CPRSANDOZ	SANDOZ - HEXAL	23.99	0
59744		ALOPURINOL 300MG C/30 COMPNOV-GENERICO	ALOPURINOL 300MG C/30 COMPNOV-GENERICO	NOVARTIS	26.99	1
41157		ALPRAZOLAM 0,25 MG C/ 30 CPR	0,25 MG C/ 30 CPR (B1)	GERMED	13.99	2
55514		ALPRAZOLAM 1 MG C/ 30 CPR	1 MG C/ 30 CPR (B1)	LEGRAND PHARMA	11.99	0
58241		ALPRAZOLAM 2MG C/30 CPRS ( B1 )	2,0 mg c/3 bl x 10 cpr	LEGRAND PHARMA	19.99	6
59365		ALTA D 50000UI 4CPS	4CAPS	SANTA CRUZ DISTRIBUIDORA	96.99	1
2982		AMBROXMEL XPE PED C/ 120 MLCIMED	AMBROXMEL XPE PED C/ 120 MLCIMED	CIMED	21.99	1
3000		AMBROXOL CLORID. XPE PED 120ML TEUTO	AMBROXOL CLORID. XPE PED 120ML TEUTO	TEUTO	13.99	1
56724		AMIORON	200mg x 30cpr	GEOLAB	38.99	1
58208		AMOX+CLAV 875MG/125MG C/20CPR LEGRAND	AMOX+CLAV 875MG/125MG C/20CPR LEGRAND	LEGRAND PHARMA	111.99	3
58625		AMOX+CLAV POT 250+62.5MG POSUS FR 75 ML	AMOX+CLAV POT 250+62.5MG POSUS FR 75 ML	UNIAO QUIMICA	44.99	2
49476		AMOX+CLAV. 400+57 MG/5 ML SUSP.70ML GEN.	AMOX+CLAV. 400+57 MG/5 ML SUSP.70ML GEN.	EUROFARMA	44.99	3
105		AMOXICILINA 250 MG C/ 150 ML EMS	250 MG C/ 150 ML	EMS	29.99	3
115		AMOXICILINA 400 MG C/ 100 MLEUROFARMA	AMOXICILINA 400 MG C/ 100 MLEUROFARMA	EUROFARMA	49.99	2
120		AMOXICILINA 500 MG C/ 15 CPS EMS	500 MG C/ 15 CPS	EMS	25.00	2
131		AMOXICILINA 500 MG C/ 21 CPSCIMED	AMOXICILINA 500 MG C/ 21 CPSCIMED	CIMED	24.99	2
51421		AMOXICILINA 875 MG C/ 14 CPRBIOS-GENERICO	AMOXICILINA 875 MG C/ 14 CPRBIOS-GENERICO	BIOSINTETICA	51.99	1
57646		AMOXICILINA+CLAV.POT.400+57MG70ML (G LEG)	AMOXICILINA+CLAV.POT.400+57MG70ML (G LEG)	LEGRAND PHARMA	44.99	1
59737		ANLODIPINO 10MG 30CPR GN	30COMP	VITAMED	9.99	4
59788		ANTISSEP BUCAL PLAX 0250MLKIDS MINIONS(E)*	ANTISSEP BUCAL PLAX 0250MLKIDS MINIONS(E)*	COLGATE - PALMOLIVE	12.49	1
59034		ANTISSEPTICO CLOREXIDINA 1%SPRAY	ANTISSEPTICO CLOREXIDINA 1%SPRAY	FARMAX	10.99	3
59659		AP BARBA PREST ULTRAGRIP OS2UN FEM(E)	AP BARBA PREST ULTRAGRIP OS2UN FEM(E)	MARTINS COMERCIO E SERVI OS	7.99	16
58820		AP. PRESSAO DIG. BRACO MB050 S-ESF-0400.00	MEDIDOR DEPRESS O	MA XWELLFARMA DE MEDICAMENTOS LTDA	176.99	1
3401		APAR BARB GILLETTE MACH 3REGULAR	APAR BARB GILLETTE MACH 3REGULAR	GALDERMA	32.99	3
57756		APAR.PRESSAO PULSO GP 400G-TECH	APAR.PRESSAO PULSO GP 400G-TECH	G TECH	121.99	2
57034		APAR.PRESTO.U.CAB.FI.CART.2UNID	APAR.PRESTO.U.CAB.FI.CART.2UNID	PROCTER & GAMBLE	7.99	8
57086		APAXY 300MG 20CPR GEO	300MG	GEOLAB	23.99	1
59949		APETIKIDS BC XPE FRUTASTROPICAIS 240ML	APETIKIDS BC XPE FRUTASTROPICAIS 240ML	EMMARKA PB DISTRIB DE MEDICAMENTOS LTDA	31.99	1
3518		APEVITIN B+C 240 ML EMS	C/ 240 ML	EMS	19.99	2
59294		APIXABANA 2,5MG 20CPR REV GEN/ SANDOZ GEN. / *(1,	APIXABANA 2,5MG 20CPR REV GEN/ SANDOZ GEN. / *(1,	SANDOZ - HEXAL	59.99	1
58011		ARIPIPRAZOL 10MG 30 CPS / GENARIPIPRAZOL / ( C1	ARIPIPRAZOL 10MG 30 CPS / GENARIPIPRAZOL / ( C1	PRATI DONADUZZI	99.99	3
3600		ARLIVRY XPE 100 ML	ARLIVRY XPE 100 ML	DIVERSOS	19.99	2
3714		ASPIRADOR NASAL LILLO ROSAREF 654130	ASPIRADOR NASAL LILLO ROSAREF 654130	LILLO	16.99	2
3723		ASPIRINA PREVENT 100 MG 30 CPR	C/ 30	BAYER	25.09	0
40976		ASSEPTCARE 10 MG/ML SPRAY 50ML	ASSEPTCARE 10 MG/ML SPRAY 50ML	NEO QUIMICA	15.99	2
242		ASTRO 500 MG C/ 5 CPR	500 MG C/ 5 CPR	EUROFARMA	41.99	1
58734		ATADURA CREPE ORTOM 15CM X1,8M (ORTOM)	ATADURA CREPE ORTOM 15CM X1,8M (ORTOM)	PERFUMARIA HIGIENE BELEZA	5.00	3
58735		ATADURA CREPE ORTOM 20CM X1,8M (ORTOM)	ATADURA CREPE ORTOM 20CM X1,8M (ORTOM)	PERFUMARIA HIGIENE BELEZA	6.00	8
58055		ATENOLOL	50 mg x 30 cpr	BIOLAB SANUS	9.99	3
3795		ATENOLOL 25 MG C/ 30 CPRSANDOZ	ATENOLOL 25 MG C/ 30 CPRSANDOZ	SANDOZ - HEXAL	4.99	1
59550		ATENOLOL 25MG 30CPR (G)	30COMP	VITAMED	4.99	9
59793		ATENOLOL 50MG 30CP (GEN)	30COMP	VITAMED	7.99	4
56304		ATENOLOL+CLORTALIDONA 50MG+12.5 MG C/ 30 CPR	ATENOLOL+CLORTALIDONA 50MG+12.5 MG C/ 30 CPR	SANDOZ - HEXAL	14.99	2
59736		ATORVASTATINA CALC 10MG COMPREV C30 GEN	ATORVASTATINA CALC 10MG COMPREV C30 GEN	TEUTO	17.99	1
3873		ATROPINA 1% COL 5 ML FRUMTOS	1% COLIRIO 5 ML	ALLERGAN	14.34	1
59418		AUTOTESTE COVID AG SWABNASAL MEDLEVENSOHN 1UND	AUTOTESTE COVID AG SWABNASAL MEDLEVENSOHN 1UND	MA XWELLFARMA DE MEDICAMENTOS LTDA	29.99	6
57573		AZITROMICINA	600mg po sus or fr + sol dil x 9ml	EUROFARMA	34.99	1
279		AZITROMICINA 500 MG C/ 3 CPRGLOBO	AZITROMICINA 500 MG C/ 3 CPRGLOBO	GLOBO	19.99	5
285		AZITROMICINA 500 MG C/ 5 CPRNEO QUIMICA	AZITROMICINA 500 MG C/ 5 CPRNEO QUIMICA	NEO QUIMICA	19.99	26
291		AZITROMICINA 900 MG C/ 22.5 MLNEO QUIMI	AZITROMICINA 900 MG C/ 22.5 MLNEO QUIMI	NEO QUIMICA	42.99	1
59730		AZITROMICINA DI-HIDRAT 1.500MGSUSP 37,5ML GEN / P	AZITROMICINA DI-HIDRAT 1.500MGSUSP 37,5ML GEN / P	PHARLAB	43.99	1
58148		AZITROMICINA DI-HIDRATADA*AMPO 600MG PHB	AZITROMICINA DI-HIDRATADA*AMPO 600MG PHB	PHARLAB	29.99	1
56973		BABYMED AMENDOAS CREM BG X40 G	BABYMED AMENDOAS CREM BG X40 G	CIMED	11.49	4
56977		BABYMED AZUL POM BG 45 G	45G	CIMED	9.49	4
3967		BABYMED MENINA PDA 45 GRMORANGO	BABYMED MENINA PDA 45 GRMORANGO	CIMED	12.49	5
57139		BACTRIM C 20 COMP	20CP	ROCHE	41.99	2
56923	0742832932912	BALA DE GENGIBRE ACEROLA 40GBALARAMA	BALA DE GENGIBRE ACEROLA 40GBALARAMA	BALARAMA	4.99	3
56926	0742832932936	BALA DE GENGIBRE EXTRAFORTE40G BALARAMA	BALA DE GENGIBRE EXTRAFORTE40G BALARAMA	BALARAMA	4.99	4
56927	0742832932875	BALA DE GENGIBRE HORTELA 40GBALARAMA	BALA DE GENGIBRE HORTELA 40GBALARAMA	BALARAMA	4.99	5
56929	0742832932868	BALA DE GENGIBRE NATURAL 40GBALARAMA	BALA DE GENGIBRE NATURAL 40GBALARAMA	BALARAMA	4.99	5
56930	0742832932882	BALA DE GENGIBRE ROMA 40GBALARAMA	BALA DE GENGIBRE ROMA 40GBALARAMA	BALARAMA	4.99	4
59778	0630941168820	BALA DE GENGIBRE ZERO ACUCAR26G BALARAM	BALA DE GENGIBRE ZERO ACUCAR26G BALARAM	BALARAMA	7.99	3
58531		BALANCA DIGITAL CINZADELLAMED UNIDADE	BALANCA DIGITAL CINZADELLAMED UNIDADE	PERFUMARIA HIGIENE BELEZA	89.90	1
60064		BALSAMO SUCURI GEL 120G - UBERPHARMA120G		EXPRESS DIST. DE MEDICAMENTOS LTDA	30.99	0
308	46153	UNILEVER	BELFACTRIM F C/ 10 CPR F C/ 10 CPR	BELFAR	19.99	699
59584		BENATUX 120ML MENTA CE 60 (N)(C) (C)	BENATUX 120ML MENTA CE 60 (N)(C) (C)	CIFARMA	17.99	1
4733		BENATUX PASTILHAS FRAMBOESAC/ 12	BENATUX PASTILHAS FRAMBOESAC/ 12	CIFARMA	14.99	0
4752		BENEGRIPE ENV. C/ 6 CPR	ENV. C/ 6 CPR	COSMED	17.00	23
34938		BENZODERM LIQ VD 100 MLPHARMASCIENCE	BENZODERM LIQ VD 100 MLPHARMASCIENCE	PHARMASCIENCE	16.99	1
60037		BEPANDEX TATTOO CRM 20G - DEXPANTENOL+ASSOC20G		EXPRESS DIST. DE MEDICAMENTOS LTDA	16.49	0
56619		BEPANTRIZ DERMA CREM LAB BG7,5ML	BEPANTRIZ DERMA CREM LAB BG7,5ML	CIMED	19.99	2
57935		BEPANTRIZ SOL SPR FR 50 ML	50ML	CIMED	18.49	2
41293		BEROTEC 100 MG AER DOSIF 10 ML	2 MG SOL AER TB 10 ML + BOCAL	BOEHRINGER	36.01	1
58261		BESILATO DE ANLODIP. 10MG C/ 30COMP (G GEO)	BESILATO DE ANLODIP. 10MG C/ 30COMP (G GEO)	GEOLAB	9.99	5
58350		BESILATO DE ANLODIPINO 5MGC/30 VITAMEDC	BESILATO DE ANLODIPINO 5MGC/30 VITAMEDC	VITAMED	4.99	7
59560		BETACORTAZOL CETO 20MG/GCREME 30G	BETACORTAZOL CETO 20MG/GCREME 30G	BELFAR	12.99	6
57704		BETACORTAZOL CRM 30G BLF	30G	BELFAR	15.99	1
50127		BETAISTINA DICLORID. 16 MG C/ 30CPR	BETAISTINA DICLORID. 16 MG C/ 30CPR	EUROFARMA	19.99	1
56470		BETAISTINA DICLORID. 24 MG C/ 30CPR GEOLAB	BETAISTINA DICLORID. 24 MG C/ 30CPR GEOLAB	GEOLAB	25.99	1
4857		BETAMET. DIPROP+AC.SALICILICOLOC 30 ML GE	BETAMET. DIPROP+AC.SALICILICOLOC 30 ML GE	GERMED	22.99	1
4858		BETAMET. DIPROP+AC.SALICILICOPDA 30 GR EMS	BETAMET. DIPROP+AC.SALICILICOPDA 30 GR EMS	EMS	15.99	2
4871		BETAMETASONA DIPROP. CR 30GEMS	BETAMETASONA DIPROP. CR 30GEMS	EMS	32.99	1
56001		BETAMETASONA VALERATO PDA C/30 GR	BETAMETASONA VALERATO PDA C/30 GR	PHARLAB	19.99	0
4890		BETATRINTA INJ 1X1ML	5+2MG INJ CX 1AMP 1ML+SER	EUROFARMA	32.46	0
54592		BETRICORT PDA C/ 30 GR - GEOLAB	PDA C/ 30 GR	GEOLAB	17.99	1
59446		BICO LAVADOR NASAL UNIV C/2 UN	2UNID	PBMED DISTRIBUIDORA LTDA	7.99	2
59129		BIGFRAL REGULAR PLUS ABS 20UN	ABSORVENTE 3X1 20UNID	MARTINS COMERCIO E SERVI OS	24.99	7
55984		BIMATOPROSTA C/ 3 ML	0,3mg/ml sol oft fr x 3ml	GEOLAB	39.99	2
59905		BIO C ZINCO X 30 COM EFEV(AL	1000mg+10mg x 30cpr eferv	UNIAO QUIMICA	39.99	1
58175		BIOARGI C 500MG CPR REV X30 (AL)	30CP	UNIAO QUIMICA	41.99	1
58340		BIOGRIPE CAP DURA X 20	20CP	UNIAO QUIMICA	9.99	0
56844		BIOLAGRIMA 0,10% SOL P/ LENTECONTATO 15 ML (TEUTO	BIOLAGRIMA 0,10% SOL P/ LENTECONTATO 15 ML (TEUTO	TEUTO	39.99	1
59921		BIOTINA 30CAPS STD	30CAPS	EXPRESS DIST. DE MEDICAMENTOS LTDA	21.99	1
5045		BIOZINC KIDS C/ 75 ML	C/ 75 ML	DIVERSOS	39.99	1
5054		BISALAX 5 MG C/ 20 CPR UNIAOQUIMICA	BISALAX 5 MG C/ 20 CPR UNIAOQUIMICA	UNIAO QUIMICA	9.73	5
60039		BISOPROLOL HEMIF 2,5MG 30CPR GEN / PHARLAB GEN. /30COMP		PHARLAB	32.99	0
5163		BLOQ SOLAR SUNLESS FPS50 OILFREE 200 ML	BLOQ SOLAR SUNLESS FPS50 OILFREE 200 ML	PERFUMARIA HIGIENE BELEZA	47.99	0
52148		BLOQ. SOL. SUNLESS F.60 120 GRFARMAX	BLOQ. SOL. SUNLESS F.60 120 GRFARMAX	FARMAX	42.99	1
42912		BLOQ. SOL. SUNLESS KIDS F. 50 C/120 GR	BLOQ. SOL. SUNLESS KIDS F. 50 C/120 GR	PERFUMARIA HIGIENE BELEZA	36.99	1
55807		BOLDO FLAC 10 ML	FLAC 10 ML	DIVERSOS	1.99	12
361		BROMAZEPAM 3 MG C/ 30 CPR (B1)	3 MG C/ 30 CPR	EMS	14.99	1
59276		BROMEXINA 0.8MG/ML XAROPE INF120ML	BROMEXINA 0.8MG/ML XAROPE INF120ML	PHARLAB	18.99	1
5581		BROMEXINA CLORID. INF C/ 120 MLEMS	BROMEXINA CLORID. INF C/ 120 MLEMS	EMS	18.57	2
59302		BRONQTRAT ADULTO	100ML	NATULAB	17.99	2
57985		BRONQTRAT INFANTIL 100ML(NATUL)	BRONQTRAT INFANTIL 100ML(NATUL)	NATULAB	15.99	3
59693		BUBALOO T FRUT	1UNID 5G	POLYBALAS DISTIRIBUIDORA	0.50	51
56648		BUDESONIDA 64MCG SPRAY NASAL120 ACIONAMENOS	BUDESONIDA 64MCG SPRAY NASAL120 ACIONAMENOS	EMS	40.99	1
59996		BUPROPIONA CLOR 150MG 30CPR(24HS) GEN / GERMED GE	BUPROPIONA CLOR 150MG 30CPR(24HS) GEN / GERMED GE	GERMED	89.99	3
5711		BUSCODUO C/ 20 CPR	C/ 20 CPR	BOEHRINGER	40.98	1
5712		BUSCOFEM 400 MG C/ 10 CPS	400 MG C/ 10 CPS	BOEHRINGER	35.86	1
58606		BUSCOPAN 10MG GTS 20ML	BUSCOPAN 10MG	BRAINFARMA	30.22	2
57199		BUSCOPAN C 20 DRG ( NOVO )	20CP	HYPERMARCAS	29.22	2
5717		BUSCOPAN COMPOSTO C/ 20 DRG	C/ 20 DRG	BOEHRINGER	30.22	2
59383		BUSCOPAN COMPOSTO GOTAS20ML	BUSCOPAN COMPOSTO GOTAS20ML	SANTA CRUZ DISTRIBUIDORA	31.26	0
57065		BUSCOPLEX COMP (ESCO+DIPI)20ML NATULAB	BUSCOPLEX COMP (ESCO+DIPI)20ML NATULAB	NATULAB	15.99	4
5729		BUSONID 32 MCG AQUOSO NASAL120 DOSES	BUSONID 32 MCG AQUOSO NASAL120 DOSES	BIOSINTETICA	32.99	1
59884		BUTACID (FENILBUTAZONA) 200MG20DRG (VITAM)	BUTACID (FENILBUTAZONA) 200MG20DRG (VITAM)	VITAMED	15.99	3
59930	7908780000000	CAFEINA 400MG C/60 CPR (LAUTO)	CAFEINA CP	EXPRESS DIST. DE MEDICAMENTOS LTDA	58.99	2
56976		CALAMED ALOE VERA GEL FR 120G	120G	CIMED	19.99	1
59952		CALCICAPS 600+D3+K1+ MINERAIS(CALCIO	CALCICAPS 600+D3+K1+ MINERAIS(CALCIO	EMMARKA PB DISTRIB DE MEDICAMENTOS LTDA	75.99	1
59951		CALCICAPS D3+K1+MINERAIS30CPS GELAT	CALCICAPS D3+K1+MINERAIS30CPS GELAT	EMMARKA PB DISTRIB DE MEDICAMENTOS LTDA	43.99	1
59931		CALCIOLAX KIDS 240ML SOBRAL	CALCIO KIDS	SOBRAL	21.99	2
57690		CALCIOVITAL KIDS 250ML(NATURILIFE)	CALCIOVITAL KIDS 250ML(NATURILIFE)	NATULAB	24.99	1
6310		CAPSULA ALCACHOFRA COMP. C/50 CPR	CAPSULA ALCACHOFRA COMP. C/50 CPR	BELA VISTA	7.00	0
57441		CAPTOPRIL	50mg x 30cpr	GLOBO	7.99	3
6396		CAPTOPRIL 25 MG C/ 30 CPR EMS	25 MG CX 30 CPR	EMS	5.99	4
57705		CAPTOPRIL 25MG 30CPR GEO	30CP	GEOLAB	4.99	5
401		CARBAMAZEPINA 200 MG C/ 20 CPR(C1) GERMED	CARBAMAZEPINA 200 MG C/ 20 CPR(C1) GERMED	GERMED	19.99	3
41787		CARBOCISTEINA 20 MG/ML XPE 100ML	CARBOCISTEINA 20 MG/ML XPE 100ML	PRATI DONADUZZI	17.99	4
54625		CARBOCISTEINA INF 20 MG/ML 100ML	CARBOCISTEINA INF 20 MG/ML 100ML	GEOLAB	21.99	1
58740		CARBOLITIUM CR 450MG C/30COMPC1-REFERENCIA	CARBOLITIUM CR 450MG C/30COMPC1-REFERENCIA	EUROFARMA	75.99	1
56706		CARDOMARIN 127MG 20CPR	20CPR	NATULAB	42.99	1
56707		CARDOMARIN 254MG 20CPR	20 CPR	NATULAB	61.99	1
58799		CARMED FINI BG 10G POM BEIJOSC COR	CARMED FINI BG 10G POM BEIJOSC COR	CIMED	24.99	2
59966		CARMED HID LAB BG 10G COCACOLA INCOLOR	CARMED HID LAB BG 10G COCACOLA INCOLOR	CIMED	24.99	2
59964		CARMED HID LAB BG 10G COCACOLA MARROM	CARMED HID LAB BG 10G COCACOLA MARROM	CIMED	24.99	2
59963		CARMED HID LAB DOCE DE LEITEBG 10G	CARMED HID LAB DOCE DE LEITEBG 10G	CIMED	25.99	2
6609		CARVEDILOL 12,5 MG C/ 30 CPREMS	CARVEDILOL 12,5 MG C/ 30 CPREMS	EMS	15.99	1
39511		CARVEDILOL 6,25 MG C/ 30 CPR	6,25 MG C/ 30 CPR	NOVA QUIMICA	11.99	0
59715		CARVEGRAN 12,5MG C/30 COMP(LEGRA)	CARVEGRAN 12,5MG C/30 COMP(LEGRA)	LEGRAND PHARMA	13.99	1
59389		CARVEROL 250MG 20CPR	20COMP	UNIAO QUIMICA	38.99	1
467		CEFALEXINA 250 MG C/ 100 MLTEUTO	CEFALEXINA 250 MG C/ 100 MLTEUTO	TEUTO	34.99	2
472		CEFALEXINA 500 MG C/ 10 CPR GENTEUTO	CEFALEXINA 500 MG C/ 10 CPR GENTEUTO	TEUTO	22.99	0
57512		CEFALEXINA 500MG 10COMP	500 mg 1 bl x 10 cpr	GERMED	19.99	5
57252		CEFALEXINA 500MG 10CPR REV GNMULTILAB	CEFALEXINA 500MG 10CPR REV GNMULTILAB	MULTILAB	19.99	6
32134		CEFALEXINA SUSP 50 MG 100 MLNQ	CEFALEXINA SUSP 50 MG 100 MLNQ	BRAINFARMA	34.99	1
6899		CEFALIV C/ 12 CPR	C/ 12 CPR	FACULDADE DE ENFERMAGEM NOVA ESPERAN A	23.34	0
499		CEFTRIAXONA SODICA 1G IM	1G IM	EUROFARMA	29.99	1
502		CEFTRIAXONA SODICA 500 MG 1AMP	CEFTRIAXONA SODICA 500 MG 1AMP	EUROFARMA	31.99	2
6909		CELERG 2 MG C/ 20 CPR	2 MG C/ 20 CPR	LEGRAND PHARMA	16.99	2
6926		CELESTRAT 2 MG/5ML C/ 120 ML	2 MG/5ML C/ 120 ML	UNIAO QUIMICA	14.99	1
58355		CENEVIT TRIPLA ACAO 10 CPREFERV (VIT C + D + ZINC	CENEVIT TRIPLA ACAO 10 CPREFERV (VIT C + D + ZINC	LEGRAND PHARMA	13.99	7
59797		CENTROCAL 500MG 60CPR	60COMP	EMMARKA PB DISTRIB DE MEDICAMENTOS LTDA	42.99	1
59953		CENTROCAL KIDS LEITECONDENSADO C/ 30 CO	CENTROCAL KIDS LEITECONDENSADO C/ 30 CO	EMMARKA PB DISTRIB DE MEDICAMENTOS LTDA	31.99	2
57763		CENTROTABS	senior ct fr 60 comp	NEO QUIMICA	19.99	2
58314		CENTROTABS A-ZINCO POLIV 60CPR REV NEO	CENTROTABS A-ZINCO POLIV 60CPR REV NEO	NEO QUIMICA	14.99	18
58987		CENTROTABS HOMEM POLIV 60CPRREV NEO	CENTROTABS HOMEM POLIV 60CPRREV NEO	NEO QUIMICA	19.99	3
58398		CEREBROVIT CAP MOLE FR X 30(AL)	CEREBROVIT CAP MOLE FR X 30(AL)	UNIAO QUIMICA	49.90	3
7104		CERUMIN C/ 8 ML	FR C/ 8 ML	NOVARTIS	20.46	1
54590		CETADEX CR C/ 10 GR(AC.DEXAMETASONA)-GEO	CETADEX CR C/ 10 GR(AC.DEXAMETASONA)-GEO	GEOLAB	11.00	4
57044		CETOCONAZOL	200mg com ct bl al al x 10	TEUTO	13.99	4
7160		CETOCONAZOL 200 MG C/ 10 CPR	200 MG C/ 10 CPR.	EMS	17.99	3
54623		CETOCONAZOL+BETAM+NEOM CRC/ 30 GR	CETOCONAZOL+BETAM+NEOM CRC/ 30 GR	GEOLAB	17.99	2
54624		CETOCONAZOL+BETAM+NEOMICPDA C/ 30 GR	CETOCONAZOL+BETAM+NEOMICPDA C/ 30 GR	GEOLAB	17.99	2
7201		CETOCONAZOL+BETAMET CR C/ 30GR EMS GE	CETOCONAZOL+BETAMET CR C/ 30GR EMS GE	EMS	16.99	1
56729		CETOPROFENO	150 mg x 10 cpr lib prol	GERMED	19.99	0
57272		CETOPROFENO	20mg/ml sol or fr x 20ml	EUROFARMA	11.99	1
60031		CH NEOPAN DECORADA 4111 N?1 CONV SL AZUL(E)0-6MESES		EXPRESS DIST. DE MEDICAMENTOS LTDA	14.99	0
60032		CH NEOPAN DECORADA 4231 N?1 OR SL AZUL(E)0-6MESES		EXPRESS DIST. DE MEDICAMENTOS LTDA	14.99	0
60033		CH NEOPAN DECORADA 4232 N?1 OR SL ROSA(E)0-6MESES		EXPRESS DIST. DE MEDICAMENTOS LTDA	14.99	0
60034		CH NEOPAN DECORADA 4245 N?2 OR SL CRISTAL(E)+06MESES		EXPRESS DIST. DE MEDICAMENTOS LTDA	14.99	0
58632		CHIC TRIDENT 21X1UN FRESHINTENSE	CHIC TRIDENT 21X1UN FRESHINTENSE	POLYBALAS DISTIRIBUIDORA	3.00	29
56183		CHIC TRIDENT CANELA HORTELA 8GR UND	CHIC TRIDENT CANELA HORTELA 8GR UND	DIVERSOS	3.00	6
56182		CHIC TRIDENT HORTELA 8 GR UND	HORTELA 8 GR 21X1	DIVERSOS	3.00	25
56166		CHIC TRIDENT MENTA 8 GR UND	MENTA 8 GR 21X1	DIVERSOS	3.00	19
59477	7622200000000	CHOC LACTA DP12X28G AO LEITE	CHOC AO LEITE 28G	POLYBALAS DISTIRIBUIDORA	4.99	10
60035		CHUPETA BORB CONV. TAM.2 AZUL 4621 (NEOPA)+06MESES		EXPRESS DIST. DE MEDICAMENTOS LTDA	9.59	0
60036		CHUPETA BORB CONV. TAM.2 ROSA 4622 (NEOPA)+06MESES		EXPRESS DIST. DE MEDICAMENTOS LTDA	9.59	0
59876		CHUPETA NEOPAN BORB NEON4672 N1 ROSA	CHUPETA NEOPAN BORB NEON4672 N1 ROSA	DPC DISTRIBUIDORA ATACADISTA S/A	7.99	2
59878		CHUPETA NEOPAN BORB NEON4682 N2 ROSA	CHUPETA NEOPAN BORB NEON4682 N2 ROSA	DPC DISTRIBUIDORA ATACADISTA S/A	7.99	1
59873		CHUPETA TIP REDONDA LOLLY4011 COR:AZUL	CHUPETA TIP REDONDA LOLLY4011 COR:AZUL	LOLLY BABY	9.99	1
59872		CHUPETA TIP REDONDA LOLLY4011 COR:ROSA	CHUPETA TIP REDONDA LOLLY4011 COR:ROSA	LOLLY BABY	9.99	1
57821		CICATRICURE AGUA MICELAR200ML	CICATRICURE AGUA MICELAR200ML	GENOMMA COSMETICOS	23.49	1
7865		CICLO 21 1X21CPR	CX C/21 COMP	UNIAO QUIMICA	11.32	3
59834		CICLOBENZAPRINA 10MG 15COMPGEOLAB	CICLOBENZAPRINA 10MG 15COMPGEOLAB	GEOLAB	11.99	3
57887		CICLOBENZAPRINA 10MG 30CPRGLB	CICLOBENZAPRINA 10MG 30CPRGLB	GLOBO	18.99	5
57232		CICLOBENZAPRINA 10MG C/15 CPR(G) (GLOBO)	CICLOBENZAPRINA 10MG C/15 CPR(G) (GLOBO)	GLOBO	11.99	3
7891		CICLOPIROX OLAMINA GTS C/ 15 MLGERMED	CICLOPIROX OLAMINA GTS C/ 15 MLGERMED	GERMED	22.99	0
57239		CICLOVULAR	150mg/ml+10mg/ml sol inj x 1ml+ser	UNIAO QUIMICA	23.97	0
7901		CIFLOGEX PAST 1X4 MEL LIMAO	MEL-LIMAO	CIMED	21.99	3
7903		CIFLOGEX PAST 1X4 MENTA LIMAODIET CIMED	CIFLOGEX PAST 1X4 MENTA LIMAODIET CIMED	CIMED	21.99	2
7906		CIFLOGEX SPRAY MEL 30ML	MEL	CIMED	16.99	0
7907		CIFLOGEX SPRAY MENTA 30ML	MENTA	CIMED	16.99	2
513		CILODEX COL 5 ML	FRASCO C/5ML	NOVARTIS	51.98	1
39015		CIMEGRIPE	DIA C/04	CIMED	3.99	1
7939		CIMEGRIPE GTS C/ 20 ML CIMED	100+2+2MG SOL OR FR GTS 20ML	CIMED	19.99	2
59729		CIMETOSSE 13,33MG/ML XPE FR120ML	CIMETOSSE 13,33MG/ML XPE FR120ML	CIMED	24.99	1
59685		CIPROFIBRATO 100MG C/30	30COMP	CIMED	21.99	1
54621		CIPROFLOX+DEXAMET0,35:0,1%(OFTALM) 5ML(GEO (A28-1	CIPROFLOX+DEXAMET0,35:0,1%(OFTALM) 5ML(GEO (A28-1	GEOLAB	26.99	2
543		CIPROFLOXACINO CLORID. 500 MGC/ 14 CPR GLOBO	CIPROFLOXACINO CLORID. 500 MGC/ 14 CPR GLOBO	GLOBO	19.99	3
548		CIPROFLOXACINO CLORID. 500 MGC/ 14 CPR SANDO	CIPROFLOXACINO CLORID. 500 MGC/ 14 CPR SANDO	SANDOZ - HEXAL	22.99	0
54638		CISTEIL 200MG16ENV.5GR(ACETILCISTEINA)-GEOLAB	CISTEIL 200MG16ENV.5GR(ACETILCISTEINA)-GEOLAB	GEOLAB	31.99	1
54639		CISTEIL 600MG16ENV.5GR(ACETILCISTEINA)-GEOLAB	CISTEIL 600MG16ENV.5GR(ACETILCISTEINA)-GEOLAB	GEOLAB	39.99	0
54594		CISTEIL XPE AD120ML(ACETILCISTEINA)-GEOLAB	CISTEIL XPE AD120ML(ACETILCISTEINA)-GEOLAB	GEOLAB	22.99	3
54593		CISTEIL XPE INF120ML(ACETILCISTEINA)-GEOLAB	CISTEIL XPE INF120ML(ACETILCISTEINA)-GEOLAB	GEOLAB	19.99	2
59334		CIT SILDENAFILA 50MG COMP REV 1BL X 4	CIT SILDENAFILA 50MG COMP REV 1BL X 4	CIMED	7.99	1
576		CITALOPRAM 20 MG C/ 30 CPR (C1)GENERICO	CITALOPRAM 20 MG C/ 30 CPR (C1)GENERICO	EMS	23.99	1
59995		CL CICLOBENZAPRINA 5MGC/15COMP REV/VTC	CL CICLOBENZAPRINA 5MGC/15COMP REV/VTC	VITAMED	10.99	4
59084		CL LOPERAMIDA 2MG C/12CP (-)SDZ	CL LOPERAMIDA 2MG C/12CP (-)SDZ	SANDOZ - HEXAL	8.00	2
58882		CL NARATRIPTANA 2,5MG 4CPREMS	CL NARATRIPTANA 2,5MG 4CPREMS	EMS	18.77	1
40992		CLANISTIL SOL. OFTA C/ 15 ML-NQ	SOL OFT CX 1FR X 15ML	NEO QUIMICA	12.99	2
8020		CLARIL 15 ML	FR C/15 ML	NOVARTIS	29.08	0
31468		CLARITROMICINA 10CP	500MG 10CP	PHARLAB	99.99	2
40275		CLOBETASOL PROPIONATO C/ 30GR GERMED GEN	CLOBETASOL PROPIONATO C/ 30GR GERMED GEN	GERMED	19.99	2
8113		CLOBETASOL PROPIONATO CR 30GR GERMED	CLOBETASOL PROPIONATO CR 30GR GERMED	GERMED	17.99	1
58151		CLONAZEPAM*B1 2MG 30CPR GEO	30CP	GEOLAB	9.99	11
8154		CLOPIDOGREL BISSULFATO 75 MGC/ 28 CPR SANDOZ	CLOPIDOGREL BISSULFATO 75 MGC/ 28 CPR SANDOZ	SANDOZ - HEXAL	28.99	2
59756		CLOR FLUOXETINA 20MG 30CS C1EMS-GENERICO	CLOR FLUOXETINA 20MG 30CS C1EMS-GENERICO	EMS	21.99	2
58387		CLOR NEBIVOLOL 5MG 30CPR(BIOLAB)	CLOR NEBIVOLOL 5MG 30CPR(BIOLAB)	BIOLAB SANUS	39.99	1
58547		CLOR VENLAFAXINA 150MG 30CPR*C1 (TORRENT) (C1)	CLOR VENLAFAXINA 150MG 30CPR*C1 (TORRENT) (C1)	TORRENT	59.99	1
57886		CLOR VENLAFAXINA 37,5MG 30CAP* C1 (GERMED) (C1)	CLOR VENLAFAXINA 37,5MG 30CAP* C1 (GERMED) (C1)	GERMED	34.99	3
58886		CLORETO DE MAGNESIO P.A 33GCATARINENSE	CLORETO DE MAGNESIO P.A 33GCATARINENSE	PBMED DISTRIBUIDORA LTDA	19.99	2
58223		CLORID.TRAMADOL (A2) 100MG C/10CAP (G EMS) (A2)	CLORID.TRAMADOL (A2) 100MG C/10CAP (G EMS) (A2)	EMS	79.99	1
57060		CLORIDRATO DE AMBROXOL	7,5mg/ml sol or fr x 50ml	BRASTERAPICA	16.99	2
56974		CLORIDRATO DECICLOBENZAPRINA	CLORIDRATO DECICLOBENZAPRINA	CIMED	9.99	2
59858		CLORIDRATO DECICLOBENZAPRINA 10MG C/ 15 CPR(VITA	CLORIDRATO DECICLOBENZAPRINA 10MG C/ 15 CPR(VITA	VITAMED	9.99	7
57467		CLORIDRATO DE DULOXETINA (C1)	CLORIDRATO DE DULOXETINA 30MG (C1)30MG 30CAPS GEL LIB RETA	EMS	64.99	0
58259		CLORIDRATO DEFEXOCLOR.FEXOFENADINA 180MGC/10 CPR	CLORIDRATO DEFEXOCLOR.FEXOFENADINA 180MGC/10 CPR	EMS	22.99	0
57105		CLORIDRATO DE HIDROXIZINA	2mg/ml sol or fr x 100ml + ser dos	NATIVITA	15.99	0
58991		CLORIDRATO DE MEMANTINA 10MG30COMP	CLORIDRATO DE MEMANTINA 10MG30COMP	PRATI DONADUZZI	39.99	3
57128		CLORIDRATO DE SERTRALINA	50mg x 30cpr rev	GEOLAB	19.99	11
58294		CLORMA+ETINIL 2+0,03MG 21CPREUR	CLORMA+ETINIL 2+0,03MG 21CPREUR	EUROFARMA	25.99	3
60068		CLORMADINONA+ETINIL 2MG/0,03MG 21 CP(+)21COMP		ALTHAIA	24.99	0
8189		CLORTALIDONA 12,5 MG C/ 60 CPREMS	CLORTALIDONA 12,5 MG C/ 60 CPREMS	EMS	22.64	1
8192		CLORTALIDONA 25 MG C/ 60 CPR	25 MG C/ 60 CPR	EMS	39.99	1
59859		CLORTALIDONA 50MG C/30 COMP	30COMP	VITAMED	11.99	1
8204		CLOTR+ACET DEXAMETAZONA C/10 GR CR	CLOTR+ACET DEXAMETAZONA C/10 GR CR	GERMED	31.99	1
8208		CLOTRIMAZOL 10 MG CR C/ 20 GR	10 MG CR C/ 20 GR	GERMED	15.99	1
8209		CLOTRIMAZOL 10 MG CR VAG 35 GRGENE EMS	CLOTRIMAZOL 10 MG CR VAG 35 GRGENE EMS	EMS	39.99	1
8214		CLOTRIMAZOL CR VAG C/ 20GR+3APLI	CLOTRIMAZOL CR VAG C/ 20GR+3APLI	GERMED	43.99	1
59519		CO ELSEVE 200ML LISO DOSSONHOS BOTOX	CO ELSEVE 200ML LISO DOSSONHOS BOTOX	SANTA CRUZ DISTRIBUIDORA	15.99	4
59654		COBALAMAX - METILCOBALAMINA9,94MCG COMPRIMIDOS MA	COBALAMAX - METILCOBALAMINA9,94MCG COMPRIMIDOS MA	HERBARIUM	39.99	4
57972		COLACT	667mg/ml emu fr x 120ml (sem sabor	UNIAO QUIMICA	20.99	1
57720		COLACT	667mg/ml xpe fr x 120ml (sbr ameix	UNIAO QUIMICA	20.99	2
56049		COLACT ALIM XPE 120 ML FRUTASU. QUIMICA	COLACT ALIM XPE 120 ML FRUTASU. QUIMICA	UNIAO QUIMICA	20.99	2
59521		COLEGORICO 30ML DISPLAYC/12(VIT B12+B1+B6)	COLEGORICO 30ML DISPLAYC/12(VIT B12+B1+B6)	LAPON	5.99	16
58983	0609963718467	COLETOR CRISTAL TAMPA CRISTALC/PA C/70 ML 1 UND (	COLETOR CRISTAL TAMPA CRISTALC/PA C/70 ML 1 UND (	PBMED DISTRIBUIDORA LTDA	1.50	243
59779		COLETOR CRISTAL TAMPAVERMELHA 80ML 100-3BI	COLETOR CRISTAL TAMPAVERMELHA 80ML 100-3BI	PBMED DISTRIBUIDORA LTDA	1.50	71
8379		COLIRIO GEOLAB SOL OFT 20 ML	COLIRIO GEOLAB SOL OFT 20 ML	GEOLAB	9.99	6
8382		COLIRIO TEUTO 20 ML	20ML	TEUTO	9.99	1
60026		COLPADAK (MICONAZOL) LOCAO20MG/G 30ML (BELFA)	COLPADAK (MICONAZOL) LOCAO20MG/G 30ML (BELFA)	BELFAR	11.99	2
60006		COMPLEXO B 50CPR REV	50COMP	NATULAB	20.99	2
60014		COMPLEXO B DRAG C/ 60	60COMP	PBMED DISTRIBUIDORA LTDA	15.99	2
58617		COMPLEXO B GTS 30ML ARTENATIVA	COMPLEXO B GTS 30ML ARTENATIVA	ARTE NATIVA	10.99	2
58349		COMPLEXO B SOL ORAL 100MLARTE NATIVA	COMPLEXO B SOL ORAL 100MLARTE NATIVA	NATIVITA	9.99	5
59856		COND DOVE RECON AMINOACIDO370ML	COND DOVE RECON AMINOACIDO370ML	SANTA CRUZ DISTRIBUIDORA	31.99	1
59133		COND ELSEVE LISO SONHOS 200ML	LISO SONHO 200ML	LOREAL	15.99	2
59134		COND ELSEVE LONGO SONHOS200ML-OUTROS	COND ELSEVE LONGO SONHOS200ML-OUTROS	LOREAL	14.99	3
8962		COND J&J BABY 200 ML	REGULAR-TRADICIONAL	JOHNSON & JOHNSON	19.49	4
8963		COND J&J BABY 200 MLCACHEADOS	COND J&J BABY 200 MLCACHEADOS	JOHNSON & JOHNSON	16.99	1
8965		COND J&J BABY 200 ML CHEIRINHOPROLONGADO	COND J&J BABY 200 ML CHEIRINHOPROLONGADO	JOHNSON & JOHNSON	16.99	3
42708		COND POM POM 200ML BABY	200ML	PERFUMARIA HIGIENE BELEZA	13.99	1
59028		COND XUXINHA SUAVE CHEIRINHOPROLONGADO	COND XUXINHA SUAVE CHEIRINHOPROLONGADO	BARUEL	12.89	1
8839		COND. ELSEVE COLORVIVE 200ML	COLOR VIVE	LOREAL	15.99	2
8861		COND. ELSEVE REPARACAO TOTAL5 200ML	COND. ELSEVE REPARACAO TOTAL5 200ML	LOREAL	18.49	4
59494		CONDICIONADOR ELSEVEGLYCOLIC GLOSS 1X200ML	CONDICIONADOR ELSEVEGLYCOLIC GLOSS 1X200ML	LOREAL	17.99	3
60008		CONDICIONADOR POM POM 200MLSUAVE(E)	CONDICIONADOR POM POM 200MLSUAVE(E)	MARTINS COMERCIO E SERVI OS	10.99	2
58551		CONIDRIN 0,9% PO SOL NAS SH AD240MLX30	CONIDRIN 0,9% PO SOL NAS SH AD240MLX30	UNIAO QUIMICA	61.99	1
59326		CONIDRIN 3% SOL SPR X 60ML	60ML	F E F DISTRIBUIDORA DE PRODUTOS FARMACEURICOS LTDA	17.99	2
42163		CONIDRIN SALINA SPRAY X 50MLANDROMED	CONIDRIN SALINA SPRAY X 50MLANDROMED	UNIAO QUIMICA	17.99	3
9380		CONTRACEP 150 MG IM INJ 1ML	1AMP 1ML	GERMED	34.85	0
56128		COREGA PO FIXADOR 22 GR NEG	PO FIXADOR 22 GR NEG	GSK - GLAXOSMITHKLINE	25.99	1
59533		COREGA ULT CR S/SAB TRIP AC40G-DEMAIS PROD	COREGA ULT CR S/SAB TRIP AC40G-DEMAIS PROD	DPC DISTRIBUIDORA ATACADISTA S/A	55.99	1
57635		COREGA ULTRA CREME 8,5G	8,5G	PROCTER & GAMBLE	15.99	1
9649		CORTADOR UNHA UNHEX PEQ	CORTADOR UNHA UNHEX PEQ	PERFUMARIA HIGIENE BELEZA	5.00	6
9661		CORUS 50 MG C/ 30 CPR	CORUS 50 MG C/ 30 CPR	BIOSINTETICA	15.12	1
59495		CR NIVEA POTE	97G	NIVEA	39.99	2
59971	7908320000000	CR PENT KOLENE 300GCURVATURAS(E)*	CR PENT KOLENE 300GCURVATURAS(E)*	MARTINS COMERCIO E SERVI OS	11.99	3
10139		CR PENTEAR SEDAS.O.S.CERAMIDAS 300ML	CR PENTEAR SEDAS.O.S.CERAMIDAS 300ML	UNILEVER	12.99	3
6703		CR. DENT. CLOSE-UP 100 GR LIQUIFRESH ICE	CR. DENT. CLOSE-UP 100 GR LIQUIFRESH ICE	UNILEVER	7.99	2
6727		CR. DENT. COLGATE 90 GR ANTICARIES	CR. DENT. COLGATE 90 GR ANTICARIES	COLGATE - PALMOLIVE	6.99	12
40428		CR. DENT. TRA LA LA MORANGO12X50GR	CR. DENT. TRA LA LA MORANGO12X50GR	PERFUMARIA HIGIENE BELEZA	6.49	2
57799		CR.DENT.CONDOR BARBIE 50G OF	50G	CONDOR	6.49	1
57800		CR.DENT.CONDOR HOTWE.50G OF	50G	CONDOR	7.00	6
59342		CR.PREVINIR ASSAD.LUKINHA MAISPERFUME 1X90G	CR.PREVINIR ASSAD.LUKINHA MAISPERFUME 1X90G	CAA NORTE LTDA	13.99	2
59933		CRANBERRY 30CPS KATIGUA	CRANBERRY CP	EXPRESS DIST. DE MEDICAMENTOS LTDA	38.99	0
58025		CREME ANTIVARIZES VENOCHEAAVVIO 300G (AVVIO)	CREME ANTIVARIZES VENOCHEAAVVIO 300G (AVVIO)	AVERT	39.99	2
58947		CREME DE ARNICA 30G (VIDOR)	30G	VIDORA	11.99	2
59784		CREME DENTAL SORRISO TRI LIMPCOMPLE 70G CGT	CREME DENTAL SORRISO TRI LIMPCOMPLE 70G CGT	MARTINS COMERCIO E SERVI OS	4.99	3
59496	7908620000000	CREME PENTEAR ELSEVEGLYCOLIC GLOSS 1X250ML	CREME PENTEAR ELSEVEGLYCOLIC GLOSS 1X250ML	LOREAL	17.99	1
60061		CREMER FRALDA ECONOMICA M 8X34UNTAM M 34 UNID		CREMER	27.99	0
60016		CRISP BAR OVOMALTINE UNID	45G	PBMED DISTRIBUIDORA LTDA	9.99	0
10836		CRISTALIN SOL OFT 15 ML	0,025+0,03 PCC SOL OFT FR 15ML	UNIAO QUIMICA	13.99	1
58311		CRONOPLEX 7,5 MG/ML SOL ORALGT X 20ML	CRONOPLEX 7,5 MG/ML SOL ORALGT X 20ML	UNIAO QUIMICA	15.49	4
58875		CURAT SANFARMA CICATRISANPELE 10UN/SANF	CURAT SANFARMA CICATRISANPELE 10UN/SANF	SANFARMA	3.99	5
59697		CURATIVO ADESIVO NATHY BEGEC/10	CURATIVO ADESIVO NATHY BEGEC/10	BIOMED MATERIAL MEDICO HOSPITALAR LTDA	4.89	5
58874		CURATIVO CICATRISAN C/10UNMICROPOROSO	CURATIVO CICATRISAN C/10UNMICROPOROSO	SANFARMA	3.99	8
58812		CURATIVO CICATRISAN C/35TRANSPARENTE	CURATIVO CICATRISAN C/35TRANSPARENTE	SANFARMA	9.79	3
58876		CURATIVO CICATRISANTRANSPARENTE C/10	CURATIVO CICATRISANTRANSPARENTE C/10	SANFARMA	4.49	11
59541		CURATIVO KURA DODOI C/20UNIDADES	CURATIVO KURA DODOI C/20UNIDADES	BIOMED MATERIAL MEDICO HOSPITALAR LTDA	9.99	3
59743		CURATIVO NATHY 10UN TRANSP(E)	10UNID	BIOMED MATERIAL MEDICO HOSPITALAR LTDA	4.89	5
59006		CURATIVO REDONDO CICATRISANC/20 UND	CURATIVO REDONDO CICATRISANC/20 UND	SANFARMA	9.79	3
59007		CURATIVOS TRADICIONAISADESIVOS NATHY BEGE CX C/ 3	CURATIVOS TRADICIONAISADESIVOS NATHY BEGE CX C/ 3	PERFUMARIA HIGIENE BELEZA	10.00	0
59917		CURCUMA C/60 CAPS METALAB	60CAPS	EXPRESS DIST. DE MEDICAMENTOS LTDA	37.99	1
59005		CX DISCO DE ALGODAO CARDNATHY 50UN/PCT 5 PACKS CA	CX DISCO DE ALGODAO CARDNATHY 50UN/PCT 5 PACKS CA	PERFUMARIA HIGIENE BELEZA	7.49	3
10936		CYSTEX C/24 DRG EMS	DRGS 1 X 24	EMS	39.88	2
59954		CYSTRAT C/ 30 STICK SACHES -KRESS	CYSTRAT C/ 30 STICK SACHES -KRESS	EMMARKA PB DISTRIB DE MEDICAMENTOS LTDA	79.99	1
59883		DAPAGLIFLOZINA 10MG 30CPR EUR	30COMP	EUROFARMA	129.99	1
58334		DCAL MDK FR 30 CPR REV (AL)	30CP	UNIAO QUIMICA	44.99	1
699		DECADRON SOL NASAL 20 ML	SOL NASAL C/ 20 ML	FACULDADE DE ENFERMAGEM NOVA ESPERAN A	43.40	1
57075		DECONGEX PLUS	12MG+15MG 4CPR REV	FACULDADE DE ENFERMAGEM NOVA ESPERAN A	11.79	3
10985		DECONGEX PLUS C/ 12 CPR	PLUS C/ 12 CPR	FACULDADE DE ENFERMAGEM NOVA ESPERAN A	34.76	1
59553		DEFB 1000MCG 30CPR BLB	30COMP SUBL	AVERT	43.99	7
11141		DEO COLONIA MURIEL BABY 100MLAZUL	DEO COLONIA MURIEL BABY 100MLAZUL	MURIEL COSMETICOS	16.99	3
11164		DEOCIL SL 10 MG C/ 10 CPR	10 MG C/ 10 CPR	DIFFUCAP - CHEMOBRAS	42.99	1
59073		DERMATROL A.G.E 200 ML (TROL)	200ML	BIOFARMA	12.99	0
59536		DES HERBISSIMO CR 055G BIOPROTECT HIBISCO(E)*	DES HERBISSIMO CR 055G BIOPROTECT HIBISCO(E)*	DPC DISTRIBUIDORA ATACADISTA S/A	5.69	4
58762		DES HERBISSIMO CR 055GLAVANDA	DES HERBISSIMO CR 055GLAVANDA	PERFUMARIA HIGIENE BELEZA	5.69	2
59587		DES HERBISSIMO CR 055G TALCO *	55G	MARTINS COMERCIO E SERVI OS	5.69	3
56075		DES. BIS AERO 150 ML BLUE ICE	150 ML BLUE ICE	PERFUMARIA HIGIENE BELEZA	9.49	2
56076		DES. BIS AERO 150 ML VOLCANO	150 ML VOLCANO	PERFUMARIA HIGIENE BELEZA	9.49	2
11813		DES. HERBISSIMO CR SENSITIVE55GR	DES. HERBISSIMO CR SENSITIVE55GR	PERFUMARIA HIGIENE BELEZA	5.69	3
11815		DES. HERBISSIMO CR TRADICIONAL55GR	DES. HERBISSIMO CR TRADICIONAL55GR	PERFUMARIA HIGIENE BELEZA	5.69	6
56644		DES. MONANGE AE C/ 90 GRINVISIVEL(12)	DES. MONANGE AE C/ 90 GRINVISIVEL(12)	PERFUMARIA HIGIENE BELEZA	11.79	2
56317		DES. MONANGE AERO 90 GR FLORLAVANDA(12)	DES. MONANGE AERO 90 GR FLORLAVANDA(12)	PERFUMARIA HIGIENE BELEZA	11.79	0
56320		DES. MONANGE AERO 90 GR HIDEXT OLIVA(12)	DES. MONANGE AERO 90 GR HIDEXT OLIVA(12)	PERFUMARIA HIGIENE BELEZA	11.79	0
46291		DES. P/ PES TENYS-PE 100G	ORIGINAL	PERFUMARIA HIGIENE BELEZA	11.99	3
55961		DES. REXONA AE 90 GR WOMPOWDER	DES. REXONA AE 90 GR WOMPOWDER	UNILEVER	19.90	0
55962		DES. REXONA AE 90 GR MENINVISIBLE	DES. REXONA AE 90 GR MENINVISIBLE	UNILEVER	19.90	2
11998		DES. REXONA AE ACTIVE 90G MASC	MEN ACTIVE	UNILEVER	19.90	1
12066		DES. REXONA AE V8 90G MASC	DES. REXONA AE V8 90G MASC	UNILEVER	19.90	2
56245		DES. REXONA AE150 ML MENIMPACTO	DES. REXONA AE150 ML MENIMPACTO	UNILEVER	19.90	2
56074		DES.BIS AERO 150 ML SNOW MOON	150 ML SNOW MOON	PERFUMARIA HIGIENE BELEZA	9.49	1
46044		DESCOLOR. DOURA PELOSSUNLESS	DESCOLOR. DOURA PELOSSUNLESS	PERFUMARIA HIGIENE BELEZA	5.99	10
59053		DESLORANA 0,5MG/ML XPE 60ML	60ML	LEGRAND PHARMA	16.99	1
56032		DESLORATADINA 0,5 MG/ML XPE 60ML EUROFARMA	DESLORATADINA 0,5 MG/ML XPE 60ML EUROFARMA	EUROFARMA	18.99	4
58566		DESLORATADINA 0,5MG/ML 100ML(-) EU	DESLORATADINA 0,5MG/ML 100ML(-) EU	EUROFARMA	24.99	3
58303		DESLORATADINA 0,5MG/ML XPEFRASCO PLAS 100ML EMS	DESLORATADINA 0,5MG/ML XPEFRASCO PLAS 100ML EMS	EMS	34.99	2
59259		DESLORATADINA 5MG 1 BLT X 10COMP REV (G GER)	DESLORATADINA 5MG 1 BLT X 10COMP REV (G GER)	GERMED	16.99	2
59588		DESODORANTE CREMEHERBISSIMO KIDS 1X55GR	DESODORANTE CREMEHERBISSIMO KIDS 1X55GR	MARTINS COMERCIO E SERVI OS	5.99	3
57785		DESOGESTREL 0,075MG/COM X 1BL (28 COM)	DESOGESTREL 0,075MG/COM X 1BL (28 COM)	UNIAO QUIMICA	18.99	0
57101		DESOGESTREL 75MG 28CPR(EUROFARMA)	DESOGESTREL 75MG 28CPR(EUROFARMA)	EUROFARMA	17.99	1
57842		DESOGESTREL+ETIN 150+20MCG21CPR BIOS	DESOGESTREL+ETIN 150+20MCG21CPR BIOS	BIOSINTETICA	19.99	0
58967		DESUPRE D3 2.000UI/GOTA 20ML	DESUPRE 2000	ARTE NATIVA	16.99	1
58343		DEXALGEN NF SOL INJ 2ML+1ML	IM	EUROFARMA	54.99	1
59706		DEXAMETASONA 0,1MG 10G VTM	10G	VITAMED	9.99	6
12273		DEXAMETASONA 4 MG C/10 CPRLEGRAND GEN	DEXAMETASONA 4 MG C/10 CPRLEGRAND GEN	LEGRAND PHARMA	12.99	5
12272		DEXAMETASONA 4,0MG C/10 CPRGENE EMS	DEXAMETASONA 4,0MG C/10 CPRGENE EMS	EMS	11.99	2
12280		DEXAMETASONA ELIXIR C/ 120 MLGENE EMS	DEXAMETASONA ELIXIR C/ 120 MLGENE EMS	EMS	16.99	1
41905		DEXCLORF+BETAMETASONA XPEC/ 120 ML TEU	DEXCLORF+BETAMETASONA XPEC/ 120 ML TEU	TEUTO	14.99	2
12298		DEXCLORF. MALEATO+BETAMET120 ML EMS GEN	DEXCLORF. MALEATO+BETAMET120 ML EMS GEN	EMS	15.99	0
54572		DEXCLORFENIRAMINA XPE C/ 120ML	DEXCLORFENIRAMINA XPE C/ 120ML	GEOLAB	15.99	1
57266		DIAD 1,5 MG COMP 1 BL X 1	1CP	CIMED	12.99	16
50368		DIAZEPAM 10 MG C/ 30 CPR (B1)	10 MG C/ 30 CPR (B1)	LEGRAND PHARMA	13.99	4
59989		DICL SODICO 50MG C/20 CP (+)GEOLAB	DICL SODICO 50MG C/20 CP (+)GEOLAB	GEOLAB	6.99	4
12391		DICLOF DIETILAMONIO AERO	11,6 FR 60G	LEGRAND PHARMA	24.99	2
12400		DICLOF DIETILAMONIO GEL C/ 60GR	DICLOF DIETILAMONIO GEL C/ 60GR	NEO QUIMICA	12.99	2
48292		DICLOF. RESINATO 15 MG C/ 20 ML	15 MG/ML SUS OR FR GOT X 20ML	CIMED	13.99	1
57479		DIENOGESTE 2MG 30 CPR(GERMED)	DIENOGESTE 2MG 30 CPR(GERMED)	GERMED	34.99	0
41588		DIGEVITA 4 MG C/ 20 ML	4 MG C/ 20 ML	NATIVITA	15.99	3
12499		DIGOXINA 0,25MG C/ 30 CPR	0,25MG C/ 30 CPR	TEUTO	14.99	2
12498		DIGOXINA 0,25MG C/20 CPR	0,25MG C/20 CPR	PHARLAB	12.99	2
58161		DIGOXINA 0,25MG COMP C/20 GEN(TEUTO)	DIGOXINA 0,25MG COMP C/20 GEN(TEUTO)	TEUTO	8.99	1
12514		DILTIAZEM CLORID. 30 MG C/ 50CPR EMS	DILTIAZEM CLORID. 30 MG C/ 50CPR EMS	EMS	24.99	1
39782		DIMENIDRIN 25+5 MG FR GTS C/ 20ML	DIMENIDRIN 25+5 MG FR GTS C/ 20ML	VITAPAN	11.99	1
12606		DIPIMED 500 MG/ML 20 MLMEDQU-MICA	DIPIMED 500 MG/ML 20 MLMEDQU-MICA	MEDQUIMICA	5.99	7
40613		DIPIRONA 500 MG C/ 10 CPR(CARTC/10) GEN LEGRAND	DIPIRONA 500 MG C/ 10 CPR(CARTC/10) GEN LEGRAND	LEGRAND PHARMA	4.00	0
60000		DIPIRONA 500MG/ML GTS 20ML GNEO	DIPIRONA 500MG/ML GTS 20ML GNEO	NEO QUIMICA	5.99	1
59556		DIPIRONA MONOIDRATADA 1G10CPR VITAMEDIC	DIPIRONA MONOIDRATADA 1G10CPR VITAMEDIC	VITAMED	8.49	14
59303		DIPIRONA MONOIDRATADA500MG/20ML NATULAB	DIPIRONA MONOIDRATADA500MG/20ML NATULAB	NATULAB	6.99	2
12630		DIPIRONA SODICA 500 MG 1X10 CPREMS	DIPIRONA SODICA 500 MG 1X10 CPREMS	EMS	4.00	50
12636		DIPIRONA XPE 50 MG C/ 100 ML	50 MG C/ 100 ML	LEGRAND PHARMA	14.99	6
60041		DISPOSITIVO P/LAVAGEM NASAL DE 240ML.ADV240ML		ADV FARMA	23.69	0
12726		DOMPERIDONA 10 MG C/ 30 CPREMS	DOMPERIDONA 10 MG C/ 30 CPREMS	EMS	10.99	5
42359		DOMPERIDONA G. LEG 10 MG C/ 60CPR	DOMPERIDONA G. LEG 10 MG C/ 60CPR	LEGRAND PHARMA	16.99	3
48043		DONEPEZILA (C1) 10 MG C/ 30 CPR (C1)	10 MG C/ 30 CPR	SANDOZ - HEXAL	59.99	1
59147		DONEPEZILA (G) 10MG 30CP (BIOL)(C1) (BIOLA) (C1)	DONEPEZILA (G) 10MG 30CP (BIOL)(C1) (BIOLA) (C1)	BIOLAB SANUS	59.99	1
59173		DONEPEZILA (G) 5MG 30CP (NEO)(C1) (NOVA ) (C1)	DONEPEZILA (G) 5MG 30CP (NEO)(C1) (NOVA ) (C1)	NOVA QUIMICA	54.99	4
59512		DORALEX 1G 10CPR VITAMEDIC	10COMP	VITAMED	8.50	0
59104		DORALGINA 300MG+30GC/10BLX10CP (NQO)	DORALGINA 300MG+30GC/10BLX10CP (NQO)	NEO QUIMICA	9.99	17
59039		DORALGINA C/25BLX4CP (NQO)	DORALGINA 4CP	NEO QUIMICA	4.99	0
12746		DORFLEX C/ 10 CPR	CX C/ 10 ENV. C/ 10 CPR	SANOFI-AVENTIS	8.72	30
12775		DORILEN C/ 12 CPR	C/ 12 CPR	LEGRAND PHARMA	20.99	2
12780		DORMEC INF 100 MG C/ 10 CPR	100 MG C/ 10 CPR	IMEC - MELCOM	2.00	28
59934		DORTRI ACTIVE SPRAY 100ML-PHS	DORTRI SPRAY	PHARLAB	45.99	1
57257		DORTRIRELAX ( DIP+ORFE+CAF) 10CP	DORTRIRELAX ( DIP+ORFE+CAF) 10CP	PHARMASCIENCE	4.99	29
41868		DORZOLAMIDACLORID.+HCL+TIMOLOL 5 ML	DORZOLAMIDACLORID.+HCL+TIMOLOL 5 ML	TEUTO	36.99	3
12805		DOXAZOSINA MESILATO 2 MG C/ 30CPR EMS	DOXAZOSINA MESILATO 2 MG C/ 30CPR EMS	EMS	14.99	3
59909		DOZEMAST 1000MCG C 60 COMPSUBL	DOZEMAST 1000MCG C 60 COMPSUBL	MARJAN	173.99	1
59838		DPREV 4000UI 30CPS SN	30COMP	SANTA CRUZ DISTRIBUIDORA	57.06	1
57088		DRAMIN B6 30CPR HYP	30CP	TAKEDA - NYCOMED ALTANA	26.16	2
56990		DRAMIN CAPSGEL 25MG C 10 CAPS	25MG	TAKEDA - NYCOMED ALTANA	23.99	1
57262		DRAMIN CAPSGEL 50MG C 10 CAPS	10CAPS	MANTECORP - FARMASA	24.63	0
57057		DRENOGRIP	50mg+30mg+2mg x 120cpr rev	BELFAR	5.00	13
59823		DROPROPIZINA INF 1,5MG/ML XPE120ML	DROPROPIZINA INF 1,5MG/ML XPE120ML	BIOSINTETICA	17.99	2
56938		DROPS HALLS 10UNI MORANGO	10 PASTILHAS	NESTLE	2.50	16
57277		DROPS HALLS CEREJA 28G	28G	PERFUMARIA HIGIENE BELEZA	2.50	0
56424		DROPS HALLS MENTOL 1 UNDNOVO	DROPS HALLS MENTOL 1 UNDNOVO	DIVERSOS	2.50	12
56167		DROPS HALLS NOVO EX FORTE 28GR UND	DROPS HALLS NOVO EX FORTE 28GR UND	DIVERSOS	2.50	25
56169		DROPS HALLS NOVO MENTA 28 GRUND	DROPS HALLS NOVO MENTA 28 GRUND	DIVERSOS	2.50	13
12869		DROSPIRE+ETINILESTRAD 3MG+0,03 MG C/ 21 CPR	DROSPIRE+ETINILESTRAD 3MG+0,03 MG C/ 21 CPR	LEGRAND PHARMA	21.99	0
59557		DROSPIRENONA+ETIN 3+0,02MG24CPR EURF SN	DROSPIRENONA+ETIN 3+0,02MG24CPR EURF SN	EUROFARMA	24.99	2
58806		DROSPIRENONA+ETINIL3MG+0,02MG 24CPR LEGR	DROSPIRENONA+ETINIL3MG+0,02MG 24CPR LEGR	LEGRAND PHARMA	25.99	0
12908		DUOFLAM 6,43+2,63 1 ML CRISTALIA	CRISTALIA	CRISTALIA	34.20	1
58756		DUOM 5 MAGNESIOS 60CAPS(DUOM)	DUOM 5 MAGNESIOS 60CAPS(DUOM)	DAIICHI SANKYO	33.99	2
59738		DUZOR 500MG 50X10CPR(DIPIRONA)	DUZOR 500MG 50X10CPR(DIPIRONA)	PRATI DONADUZZI	4.00	2
59807		ELIXIR INHAME 240ML SANTA RAIZ	240ML	EXPRESS DIST. DE MEDICAMENTOS LTDA	17.69	1
59935		ELIXIR INHAME 240ML SANTA RAIZ	ELIXIR INHAME	EXPRESS DIST. DE MEDICAMENTOS LTDA	19.99	2
35113		ELIXIR PAREGORICO 30 MLCATARINENSE NEG.	ELIXIR PAREGORICO 30 MLCATARINENSE NEG.	CATARINENSE	22.99	1
59754		ENALAPRIL (G) 10MG 30CPR (VITAM)	30COMP	VITAMED	5.99	4
59862		ENALAPRIL 20MG 30 CPR GNVITAMEDIC	ENALAPRIL 20MG 30 CPR GNVITAMEDIC	VITAMED	9.99	5
44778		ENALAPRIL MALEATO 10 MG C/ 30CP NOVA QUIMICA	ENALAPRIL MALEATO 10 MG C/ 30CP NOVA QUIMICA	NOVA QUIMICA	5.99	0
13645		ENALAPRIL MALEATO 10 MG C/ 30CPR GERMED	ENALAPRIL MALEATO 10 MG C/ 30CPR GERMED	GERMED	5.99	0
13654		ENALAPRIL MALEATO 20 MG C/ 30CPR GERMED	ENALAPRIL MALEATO 20 MG C/ 30CPR GERMED	GERMED	9.99	2
13662		ENALAPRIL MALEATO 5 MG C/ 30CPR GERMED	ENALAPRIL MALEATO 5 MG C/ 30CPR GERMED	GERMED	7.99	0
59458		ENERGRIP C 1G 10 CPR EFERV-VTS	1G 10COMP EFERV	VITAMED	7.99	10
59821		ENERGRIP C+ZINCO 10 CPREFERV-VTS	ENERGRIP C+ZINCO 10 CPREFERV-VTS	VITAMED	9.99	5
13746		ENGOV 1X6CPR	6 CP	COSMED	11.70	3
59264		ENX BUC CEPACOL MENTL500P350ML	ENX BUC CEPACOL MENTL500P350ML	MARTINS COMERCIO E SERVI OS	16.49	1
59785		ENX.BUCAL CLOSE UP ICEC/ALCOOL 500ML	ENX.BUCAL CLOSE UP ICEC/ALCOOL 500ML	MARTINS COMERCIO E SERVI OS	16.99	1
13788		ENXAK C/ 12 (ERGOTAMINA) CAZI	12 CPR.	CAZI	20.99	0
60024		EPOCLER 100MG+20MG 30CPR REV	30COMP	SANTA CRUZ DISTRIBUIDORA	14.99	1
57106		EQUILIBRISSE 420MG 10CPR NEO	10CP	NEO QUIMICA	17.99	4
59782		ESC DENT COLGATE COLORS2UN(E)*	ESC DENT COLGATE COLORS2UN(E)*	COLGATE - PALMOLIVE	17.99	2
56668		ESC DENT CONDOR JR BARBIE	L2P1	CONDOR	16.79	0
56669		ESC DENT CONDOR JR HOTWHEELS	ESC DENT CONDOR JR HOTWHEELS	CONDOR	14.49	2
13045		ESC. DENT. BITUFO LIGHT TOTAL(1062)	ESC. DENT. BITUFO LIGHT TOTAL(1062)	PERFUMARIA HIGIENE BELEZA	5.99	0
55096	27891100000000	ESC. DENT. CONDOR TRIP	1 UNID	CONDOR	4.49	14
59583		ESC.ENLACE CLASSIC AD.MAC.	CLASSIC MACIA	MARTINS COMERCIO E SERVI OS	4.99	16
58321		ESCITALOPRAM 10MG C/30 CP*(C1)(GERME) (C1)	ESCITALOPRAM 10MG C/30 CP*(C1)(GERME) (C1)	GERMED	19.99	0
58386		ESCITALOPRAM*C1 20MG/ML 15MLGEO	ESCITALOPRAM*C1 20MG/ML 15MLGEO	GEOLAB	34.99	4
57416		ESCOVA MASSAGEADORA CLEAN R7280-01-RS	ESCOVA MASSAGEADORA CLEAN R7280-01-RS	LOLLY BABY	11.79	1
58830		ESOMEPRAZOL 40MG 28CP [G]Lote(s): 2N2939 - 9/10/2	ESOMEPRAZOL 40MG 28CP [G]Lote(s): 2N2939 - 9/10/2	LEGRAND PHARMA	92.99	1
59702		ESOMEPRAZOL MAG 20MG 28CPRREV GEN	ESOMEPRAZOL MAG 20MG 28CPRREV GEN	LEGRAND PHARMA	59.99	1
59978		ESPACADOR ADULTO - 3B	ESPACADOR	PBMED DISTRIBUIDORA LTDA	39.99	1
15050		ESPAR. MISSNER 1.2X4.5M	MISSNER	DIVERSOS	5.99	0
15051		ESPAR. MISSNER 10X4.5	MISSNER	DIVERSOS	19.99	4
15053		ESPAR. MISSNER 2,5 X 90CM	MISSNER	DIVERSOS	4.99	4
15054		ESPAR. MISSNER 5X4.5	MISSNER	PERFUMARIA HIGIENE BELEZA	11.99	6
15055		ESPAR. MISSNER MICROP 10X4.5MBEGE	ESPAR. MISSNER MICROP 10X4.5MBEGE	DIVERSOS	20.99	3
59014		ESPARADRAPO 10 CM X 4,5 MTBEGE	ESPARADRAPO 10 CM X 4,5 MTBEGE	BIOMED MATERIAL MEDICO HOSPITALAR LTDA	20.99	2
15067		ESPASMO FLATOL 20 ML	GOTAS FR C/ 20 ML	LEGRAND PHARMA	22.99	1
58257		ESPASMOPAN COMPOST10MG+250MG COM REVX20	ESPASMOPAN COMPOST10MG+250MG COM REVX20	UNIAO QUIMICA	13.99	2
58339		ESPASMOPAN COMPOSTO SOLORAL X 10ML	ESPASMOPAN COMPOSTO SOLORAL X 10ML	UNIAO QUIMICA	13.99	4
15118		ESPIRONOLACTONA 100 MG C/ 30CPR EMS	ESPIRONOLACTONA 100 MG C/ 30CPR EMS	EMS	54.03	1
59887		ESTOMADEZ GUARANA DP POEFEV 50ENV 12CT	ESTOMADEZ GUARANA DP POEFEV 50ENV 12CT	AIRELA	2.00	33
59633		ESTOMADEZ LARANJA DP PO EFEV50ENV 12CT	ESTOMADEZ LARANJA DP PO EFEV50ENV 12CT	AIRELA	1.99	32
57067		ETODOLACO	400 mg x 10 cpr rev	GERMED	19.99	2
57442		EXPECTOFLUI XPE C/120 ML(NATUL)	EXPECTOFLUI XPE C/120 ML(NATUL)	NATULAB	19.99	2
57581		EXTRATO DE PROPOLIS AQUOSO20ML S/ALCOOL	EXTRATO DE PROPOLIS AQUOSO20ML S/ALCOOL	ARTE NATIVA	24.99	2
59634		EXTRATO DE PROPOLIS VERDE30% GOTAS	EXTRATO DE PROPOLIS VERDE30% GOTAS	SOBRAL	19.99	0
56537		EZETIMIBA 10 MG C/ 30 CPR	10 MG C/ 30 CPR REV	ALTHAIA	32.99	3
57920		EZETIMIBA+SINVASTATINA	10+20 mg 2 bl x 15 comp	GERMED	65.99	2
57340		FARMAX PROT SOLAR LABIALSUNLESS FPS30 15ML M3 - F	FARMAX PROT SOLAR LABIALSUNLESS FPS30 15ML M3 - F	FARMAX	24.99	1
57012		FENAREN	10mg/h gel top bg x 60g	UNIAO QUIMICA	13.49	5
58807		FENDIZOATO DE CLOPERASTINA3,54MG 120ML XPE (G EMS	FENDIZOATO DE CLOPERASTINA3,54MG 120ML XPE (G EMS	EMS	24.45	1
864		FENOBARBITAL 100 MG C/ 30 CPR(C1)	FENOBARBITAL 100 MG C/ 30 CPR(C1)	UNIAO QUIMICA	13.48	0
865		FENOBARBITAL GTS 40 MG/ML 20ML (C1)	FENOBARBITAL GTS 40 MG/ML 20ML (C1)	UNIAO QUIMICA	9.21	1
55992		FENTICONAZOL NITRATO CR 40 GR	0,02g/g crm vag bg x 40g + 7aplic	EUROFARMA	39.99	2
42148		FERID PDA C/ 10 GR	5+250UI PDA C/ 10 GR	UNIAO QUIMICA	8.49	2
57205		FERRIPOLIMALTOSE 100MG 30CPRMAST (BIOLAB)	FERRIPOLIMALTOSE 100MG 30CPRMAST (BIOLAB)	BIOLAB SANUS	47.99	1
58073		FERRIPOLIMALTOSE 50MG/ML GTS30ML (SULFATO FERROSO	FERRIPOLIMALTOSE 50MG/ML GTS30ML (SULFATO FERROSO	BIOLAB SANUS	34.99	2
58265		FEXOFENADINA 180MG 10CPR GMD	10CP	GERMED	23.99	0
58252		FEXOFENADINA CLOR 120MG10CPR REV *(1,2)	FEXOFENADINA CLOR 120MG10CPR REV *(1,2)	NEO QUIMICA	24.99	10
56969		FEXX 180MG COMP REV 1 BL X 10	10CP	CIMED	24.99	1
59579		FINASTERIDA 1MG C/30	30COMP	CIMED	18.99	2
15997		FINASTERIDA 5 MG C/ 30 CPRLEGRAND	FINASTERIDA 5 MG C/ 30 CPRLEGRAND	LEGRAND PHARMA	34.99	1
58381		FIO DENT.ENLACE E.FINO 100M	100M	ELI LILLY	8.90	8
59660		FIO DENTAL ENLACE MENTA 100M	100M	MARTINS COMERCIO E SERVI OS	8.49	4
59350		FIO DENTAL KESS 11M 1997	11M	CAA NORTE LTDA	4.99	1
16174		FITA MICROPORE MISSNER 1,2CM X4,5M	FITA MICROPORE MISSNER 1,2CM X4,5M	PERFUMARIA HIGIENE BELEZA	4.99	6
16176		FITA MICROPORE MISSNER 2,5CM X4,5M	FITA MICROPORE MISSNER 2,5CM X4,5M	DIVERSOS	6.99	6
16179		FITA MICROPORE MISSNER 5CM X4,5M	FITA MICROPORE MISSNER 5CM X4,5M	PERFUMARIA HIGIENE BELEZA	9.99	0
16180		FITA MICROPORE MISSNER 5CM X4,5M BEGE	FITA MICROPORE MISSNER 5CM X4,5M BEGE	DIVERSOS	11.99	5
16181		FITA MICROPORE MISSSER 2,5CM X90CM	FITA MICROPORE MISSSER 2,5CM X90CM	PERFUMARIA HIGIENE BELEZA	4.99	7
58446		FITOBILOBA 120MG C/ 30 COMP REV(GEOLAB)	FITOBILOBA 120MG C/ 30 COMP REV(GEOLAB)	GEOLAB	39.99	1
59675		FITOBILOBA 80 MG C/ 30 CP REV (-)GEO	FITOBILOBA 80 MG C/ 30 CP REV (-)GEO	GEOLAB	29.99	1
57637		FLANCOX 600MG C 14 COMP	14CP	APSEN	66.62	1
40500		FLAVONID 450 MG / 50 MG C/ 60 CPR	450/50 MG C/ 60 CPR	NEO QUIMICA	74.99	1
59182		FLEXENEMA 220MG/ML 130ML AIR	130ML	AIRELA	24.99	1
16304		FLOMICIN 100 MG C/ 12 CPS	FLOMICIN 100 MG C/ 12 CPR	NEO QUIMICA	23.99	3
35051		FLOMICIN 200 MG C/ 4 ENV	FLOMICIM C/ 4 ENV	NEO QUIMICA	18.99	3
58816		FLORASTOR 1 BI X12 CAP DURA(AL)	FLORASTOR 1 BI X12 CAP DURA(AL)	UNIAO QUIMICA	25.99	8
57774		FLUCONAZOL	150 mg cap gel dura ct bl al plas	VITAMED	6.99	7
39229		FLUCONAZOL 150 MG C/ 2 CPS	150 MG C/ 2 CPS	CIMED	6.99	3
60040		FLUCONAZOL 150MG 1CPS VTM1CAPS		VITAMED	3.99	0
38190		FLUCOVIL 150 MG C/ 1 CPS	150 MG C/ 2 CPS	MEDQUIMICA	10.00	2
57041		FLUIDO MATIZADOR (VIOLETAGENCIANA) 30ML FARMAX	FLUIDO MATIZADOR (VIOLETAGENCIANA) 30ML FARMAX	FARMAX	7.49	2
58461		FLUOXETINA 20MG 30CAP C1(GM2-G) GERM	FLUOXETINA 20MG 30CAP C1(GM2-G) GERM	GERMED	19.99	2
896		FLUOXETINA CLORID. 20 MG C/ 30CPS (C1) GERMED	FLUOXETINA CLORID. 20 MG C/ 30CPS (C1) GERMED	GERMED	19.99	0
897		FLUOXETINA CLORID. 20 MG C/ 30CPS (C1) LEGRAND	FLUOXETINA CLORID. 20 MG C/ 30CPS (C1) LEGRAND	LEGRAND PHARMA	19.99	6
16425		FLYARE XPE 100 ML + COPOMEDIDA	FLYARE XPE 100 ML + COPOMEDIDA	DIVERSOS	14.99	1
49405		FOLIFOLIN 5 MG C/ 30 CPR	5 MG C/ 30 CPR	EMS	15.99	2
58623		FONT D 7.000 UI COM REV X 30	FONT D 30CP	UNIAO QUIMICA	29.99	1
34716		FONT D GTS FR 10 ML	GTS FR C/ 10 ML	UNIAO QUIMICA	19.99	3
57604		FOSF PREDNISOLONA 3MG MLX120ML+ SER DOS	FOSF PREDNISOLONA 3MG MLX120ML+ SER DOS	UNIAO QUIMICA	26.99	2
56999		FOSFATO SODICO DEPREDNISOLONA	FOSFATO SODICO DEPREDNISOLONA	VITAMED	29.99	1
58156		FOSFOMICINA TROMETAMOL CX C/1ENV (PHARM)	FOSFOMICINA TROMETAMOL CX C/1ENV (PHARM)	PHARMASCIENCE	57.99	0
50218		FR BUMMIS MAGICS TAM M	50 UNID	PERFUMARIA HIGIENE BELEZA	44.99	2
58683		FRALDA BUMMIS BABY MEGA P 56	56 UNID	PERFUMARIA HIGIENE BELEZA	44.99	4
59407		FRALDA CALCA POOKY BABYJUMBO M34	FRALDA CALCA POOKY BABYJUMBO M34	PBMED DISTRIBUIDORA LTDA	39.99	2
59843		FRALDA ENLACE BABY SHORTINHOHIPER G C/60 UNI	FRALDA ENLACE BABY SHORTINHOHIPER G C/60 UNI	MARTINS COMERCIO E SERVI OS	74.99	2
59316		FRALDA HIPOPO HIPER M 70UNDFD4PC	FRALDA HIPOPO HIPER M 70UNDFD4PC	PBMED DISTRIBUIDORA LTDA	54.99	3
59179		FRD BABYSEC GALINHA PINT MEGAG 32UN	FRD BABYSEC GALINHA PINT MEGAG 32UN	BRASIL DISTRIBUIDORA	39.99	1
59178		FRD BABYSEC GALINHA PINT MEGAM 38UN	FRD BABYSEC GALINHA PINT MEGAM 38UN	BRASIL DISTRIBUIDORA	39.99	2
57036		FRD.AD.BIGFR.R.I.MOV.P/M 7	7 UNID	PERFUMARIA HIGIENE BELEZA	25.99	7
60060		FRD.CREMER M.CARE EC.G 8X30TAM G 30 UNID		CREMER	27.99	0
60062		FRD.CREMER M.CARE EC.P 8X36TAM P 36 UNID		CREMER	27.99	0
59763		FRD.ENLACE B.SH.SU.CO	TAM G 30 UNID	MARTINS COMERCIO E SERVI OS	42.99	6
59764		FRD.ENLACE B.SH.SU.CO.M	TAM M 34 UNID	MARTINS COMERCIO E SERVI OS	42.99	5
59765		FRD.ENLACE B.SH.SU.CO.XG	TAM XG 26UNID	MARTINS COMERCIO E SERVI OS	41.99	8
59974		FRD.ENLACE B.SH.SU.CO.XXG 6X22	FRALDAS ENLACE XXG ROUPINHA	MARTINS COMERCIO E SERVI OS	42.99	6
59767		FRD.ENLACE B.SUP.CONF.G	TAM G 30 UNID	MARTINS COMERCIO E SERVI OS	31.99	6
59975		FRD.ENLACE B.SUP.CONF.G 8X30	FRALDAS ENLACE G	MARTINS COMERCIO E SERVI OS	31.99	8
59768		FRD.ENLACE B.SUP.CONF.M	TAM M 34 UNID	MARTINS COMERCIO E SERVI OS	29.99	6
59769		FRD.ENLACE B.SUP.CONF.P	TAM P 38 UNID	MARTINS COMERCIO E SERVI OS	32.00	5
59770		FRD.ENLACE B.SUP.CONF.XG	TAM XG 24 UNID	MARTINS COMERCIO E SERVI OS	29.99	1
59771		FRD.ENLACE B.SUP.CONF.XXG	TAM XXG 20 UNID	MARTINS COMERCIO E SERVI OS	29.99	4
58306		FRD.T.MONICA MEGA G 44	44 UNID	KIMBERLY-CLARK	44.99	3
42530		FRENOTOSSE	XPE FR 120 ML SAB MEL	CIMED	20.99	1
58657	7908240000000	FRONTAL 0,25MG 30CPR B1	FRONTAL 0,25MG	ETICA DISTRIBUIDORA	34.99	1
57864		FRUTAXX ABACAXI SACHE	FRUTAXX ABACAXI SACHE	UNIAO QUIMICA	2.00	35
57209		FUROATO MOMETASONA SPRAY0,5MG/G 60AT (EUROFARMA)	FUROATO MOMETASONA SPRAY0,5MG/G 60AT (EUROFARMA)	EUROFARMA	32.99	1
59337		FUROSEMIDA 40 MG C 30 COMP -GEN	FUROSEMIDA 40 MG C 30 COMP -GEN	TEUTO	8.99	0
48587		GABAPENTINA 400 MG C/ 30 CPR(C1)	GABAPENTINA 400 MG C/ 30 CPR(C1)	PRATI DONADUZZI	59.99	1
59574		GASTROGEL 20CPR MASTIGAVEIS -ALUM+MAGN+SIMET	GASTROGEL 20CPR MASTIGAVEIS -ALUM+MAGN+SIMET	MEDQUIMICA	18.99	3
59808		GASTROGEL BOLSO 10ML	FLACONETE	MEDQUIMICA	4.00	6
59397		GASTROGEL MENTA MAST C/120COMP- HIDROX DE ALUMINI	GASTROGEL MENTA MAST C/120COMP- HIDROX DE ALUMINI	ACRIPEL DISTRIBUIDORA PERNAMBUCO LTDA	9.99	9
58779		GEL INTIMO LUBRIF. MENTA 50GRILEX	GEL INTIMO LUBRIF. MENTA 50GRILEX	PERFUMARIA HIGIENE BELEZA	12.49	2
58780		GEL INTIMO LUBRIF. MORANGO 50GRILEX	GEL INTIMO LUBRIF. MORANGO 50GRILEX	PERFUMARIA HIGIENE BELEZA	10.99	2
59110		GEL LUBR INTIMO RILEXTRADICIONAL 50G	GEL LUBR INTIMO RILEXTRADICIONAL 50G	PBMED DISTRIBUIDORA LTDA	10.99	2
59044		GEL LUBRIFICANTE RILEX SACHETRADICIONAL 3-RIL	GEL LUBRIFICANTE RILEX SACHETRADICIONAL 3-RIL	PBMED DISTRIBUIDORA LTDA	5.99	1
17204		GELMAX PAPAIA/CASSIS 24CPR	COM MAST.C/ 20 BL.X6	EMS	7.40	5
57721		GELO-BIO	0,044mg pom derm bg x 20g	UNIAO QUIMICA	10.99	4
57024		GESTANTINY 30 CPR LAPON(LAPON)	GESTANTINY 30 CPR LAPON(LAPON)	LAPON	29.99	1
48582		GINKGO VITAL 80 MG C/ 30 CPR	80 MG C/ 30 CPR	CATARINENSE	34.99	1
17307		GLIBENCLAMIDA 5 MG C/ 30 CPREMS	GLIBENCLAMIDA 5 MG C/ 30 CPREMS	EMS	5.99	2
52607		GLICEL INF LAC 06 SP GLICERINABRA.	GLICEL INF LAC 06 SP GLICERINABRA.	BRASTERAPICA	11.69	1
58234		GLICENIX 2,30G ADT SUP 6 GLB	sup de glicerina 2,275 g c/6	PHARMASCIENCE	14.99	0
56822		GLICERINA PURA FARMAX 100ML1X1	GLICERINA PURA FARMAX 100ML1X1	FARMAX	8.99	4
57107		GLICLAZIDA 30MG 30CPR TRT	30CP	TORRENT	19.99	0
56988		GLIFAGE XR 500MG C 30 COMP	XR 500	MERCK	12.25	6
42533		GLIMEPIRIDA 4 MG C/ 30 CPR	4 MG C/ 30 CPR	CIMED	11.99	1
57564		GRIPALCE CPR 10 (BRAST)	10CP	BRASTERAPICA	6.00	4
17562		GRIPIN CX 20CP	GRIPIN CX 20CP	MEDQUIMICA	14.99	0
56713		GUACOFLUS XPE 100ML (AIRELA)	100ML	AIRELA	13.99	2
59968		GUAKOEXPEC XAROPE 01,MGML FRC 150ML	GUAKOEXPEC XAROPE 01,MGML FRC 150ML	VITAMED	16.99	2
59691		HALLS UVA VERDE NOVO	28G	POLYBALAS DISTIRIBUIDORA	2.50	2
59401		HASTES BABY FLEXIVEISNATHYBABY COTTON DE 75UN	HASTES BABY FLEXIVEISNATHYBABY COTTON DE 75UN	BIOMED MATERIAL MEDICO HOSPITALAR LTDA	3.49	12
60022		HASTES FLEX NATHY 75UN	75UNID	BIOMED MATERIAL MEDICO HOSPITALAR LTDA	3.49	10
59860		HEDERA HELIX 7MG 100ML (VTM)	100ML	VITAMED	15.99	3
60038		HEMIFUMARATO DE BISOPROLOL 10MG C/3030COMP		PHARLAB	50.99	0
59810		HEMIFUMARATO DE BISOPROLOL5MG C/30 COMP	HEMIFUMARATO DE BISOPROLOL5MG C/30 COMP	PHARLAB	49.99	1
58920		HEMITARTARATO DE ZOLPIDEMBIOLAB 5MG C/30 B1	HEMITARTARATO DE ZOLPIDEMBIOLAB 5MG C/30 B1	BIOLAB SANUS	59.99	1
57347		HIDRALI GUARANA 500ML SOL OR	500ML	AIRELA	13.99	0
59929		HIDRALI LARANJA SOL 500MLAIRELA	HIDRALI LARANJA SOL 500MLAIRELA	AIRELA	13.99	1
59105		HIDRALI SAIS GUARANA PO 4ENV	PO 4ENV	AIRELA	16.49	0
60054		HIDRALI TUTTI FRUT SOL 500ML AIRELA500ML		AIRELA	13.99	0
59184		HIDRALI UVA ROXA 500ML AIRELA	UVA ROXA 500ML	AIRELA	13.99	1
57732		HIDRALYTE 45 TUTTI-FRUTTI C/ 500ML (NATUL)	HIDRALYTE 45 TUTTI-FRUTTI C/ 500ML (NATUL)	NATULAB	18.99	1
17982		HIDRAT NIVEA BODY MILK EX SECA200 ML	HIDRAT NIVEA BODY MILK EX SECA200 ML	NIVEA	21.99	2
17989		HIDRAT NIVEA MILK C/HYDRA QI 400ML	HIDRAT NIVEA MILK C/HYDRA QI 400ML	NIVEA	32.99	2
58040		HIDRATANTE GELEIA DE VASELINAVASEMAX 25G (FARMA)	HIDRATANTE GELEIA DE VASELINAVASEMAX 25G (FARMA)	FARMAX	6.49	3
55358		HIDROCLOROTIAZIDA 25 MG C/ 30CPR	HIDROCLOROTIAZIDA 25 MG C/ 30CPR	MEDQUIMICA	4.00	5
18093		HIDROCLOROTIAZIDA 25 MG C/ 30CPR CIMED	HIDROCLOROTIAZIDA 25 MG C/ 30CPR CIMED	CIMED	4.00	1
18096		HIDROCLOROTIAZIDA 25 MG C/ 30CPR LEGRAND	HIDROCLOROTIAZIDA 25 MG C/ 30CPR LEGRAND	LEGRAND PHARMA	4.99	3
18094		HIDROCLOROTIAZIDA 25 MG C/ 30PR EMS	HIDROCLOROTIAZIDA 25 MG C/ 30PR EMS	EMS	4.99	1
18101		HIDROCLOROTIAZIDA 50 MG C/ 20CPR	HIDROCLOROTIAZIDA 50 MG C/ 20CPR	NEO QUIMICA	4.99	4
57337		HIDROGEL C/AGE GEL 30G TROL	30G	HADASSAH COSMETICOS	35.99	1
56914		HIDROGEL COM AGE 60G (TROL)	60G	HADASSAH COSMETICOS	53.99	1
18130		HIDROXIZINA CLORID. 25 MG C/ 30CPR	HIDROXIZINA CLORID. 25 MG C/ 30CPR	LEGRAND PHARMA	42.99	2
59711		HISCONGEX 20ML NEO QUIMICA	20ML	NEO QUIMICA	17.99	1
18180		HISTADIN 10 MG C/ 12 CPR UNIAOQUIMICA	HISTADIN 10 MG C/ 12 CPR UNIAOQUIMICA	UNIAO QUIMICA	9.99	3
18184		HISTAMIN 2 MG C/ 20 CPR NEOQUIMICA	HISTAMIN 2 MG C/ 20 CPR NEOQUIMICA	NEO QUIMICA	9.99	11
18185		HISTAMIN XPE C/ 100 ML NEOQUIMICA	HISTAMIN XPE C/ 100 ML NEOQUIMICA	NEO QUIMICA	19.99	4
59242		HOLMES 20MG C 30 COMP REV	30COMP	EUROFARMA	49.90	1
59243		HOLMES 40MG 30CPR	30COMP	EUROFARMA	52.00	1
57293		HYSTIN	2mg/5ml sol or fr x 120ml	GEOLAB	14.99	8
41556		HYSTIN 2 MG C/ 20 CPR	2 MG C/ 20 CPR	GEOLAB	6.99	5
18220		HYTOS PLUS XPE 100 ML UNIAOQUIMICA	HYTOS PLUS XPE 100 ML UNIAOQUIMICA	UNIAO QUIMICA	29.99	2
57702		IBUFLEX (FLIB)	400MG BL X 4CPS GEL MOL	LEGRAND PHARMA	6.00	13
42398		IBUFLEX 30 ML - L	100 MG C/ 30 ML	LEGRAND PHARMA	9.99	4
18227		IBUFLEX 400 MG C/ 8 CPS GELLEGRAND	IBUFLEX 400 MG C/ 8 CPS GELLEGRAND	LEGRAND PHARMA	15.99	5
57214		IBUPRIL 400MG CAPS GEL C/08(TEUTO)	IBUPRIL 400MG CAPS GEL C/08(TEUTO)	TEUTO	12.00	0
41620		IBUPRIL 600 MG C/ 20 CPR.	600 MG C/ 20 CPR	TEUTO	11.99	2
59514		IBUPROFENO 100MG GTS 20ML	20ML	VITAMED	9.99	9
58705		IBUPROFENO 400MG CAP MOLE C/8GEN	IBUPROFENO 400MG CAP MOLE C/8GEN	GEOLAB	13.99	0
59312		IBUPROFENO 600 MG C/10 CAPS	10CAPS	VITAMED	19.99	6
59669		IBUPROFENO 600MG C/20 COMP (-)	20COMP	VITAMED	12.99	27
56993		IBUPROFENO GTS 100MG GEOLAB	20ML	GEOLAB	6.00	2
57052		IBUPROTRAT INF C/SER LAR 100ML(IBUPROFENO)	IBUPROTRAT INF C/SER LAR 100ML(IBUPROFENO)	NATULAB	24.99	2
60063		IM CRISP BAR BROWNIE DE CHOCOL1 UNID 45G		INTEGRALMEDICA	9.99	0
59682		IM CRISP BAR CREME DE COCO(INTEG)	IM CRISP BAR CREME DE COCO(INTEG)	INTEGRALMEDICA	9.99	1
59893		IM CRISP BAR TRUFA AVELA 12UND V2	IM CRISP BAR TRUFA AVELA 12UND V2	INTEGRALMEDICA	9.99	0
60015		IMEGOV ENV NUTIVIT	6COMP	PBMED DISTRIBUIDORA LTDA	4.00	20
57456		INDAPAMIDA	1,5mg x 30cpr rev	GEOLAB	16.99	1
18396		INFRALAX C/ 15 CPR	C/ 15 CPR	EMS	9.99	0
59918		IODO 200% IDR 30CPS KATIGUA	30CAPS	EXPRESS DIST. DE MEDICAMENTOS LTDA	26.99	1
18505		IPRATROPIO BROMETO GTS C/ 20ML U.Q	IPRATROPIO BROMETO GTS C/ 20ML U.Q	UNIAO QUIMICA	11.99	3
58923		ISDIN UREADIN BATH GEL100ML-DEMAIS PROD	ISDIN UREADIN BATH GEL100ML-DEMAIS PROD	ISDIN	29.99	1
58502		IVERMECTINA 6MG C/4 COMPGMD-GENERICO	IVERMECTINA 6MG C/4 COMPGMD-GENERICO	GERMED	12.99	2
41561		IVERMECTINA-6 MG C/ 4 CPR GEN	6 MG C/ 4 CPR	VITAPAN	14.99	8
59311		JALAPA ALEMA LAPON 30ML(AGUARDENTE)	JALAPA ALEMA LAPON 30ML(AGUARDENTE)	PBMED DISTRIBUIDORA LTDA	4.99	5
18701		K MED GEL 50 GR	GEL LUBRIFICANTE 50 GR	CIMED	13.99	6
59172		K-MED 2 EM 1 GEL FR 50 G	2X1 50G	CIMED	19.99	1
55521		K-MED GEL HOT 200 GR	GEL LUBRIFICANTE 203 GR	CIMED	38.99	2
57245		K-SEX HOT (FLIB)	gel bg x 50g	UNIAO QUIMICA	11.99	3
58586		KAODINE 10MG/ML LOCAO C/60 ML -PERMETRINA	KAODINE 10MG/ML LOCAO C/60 ML -PERMETRINA	GEOLAB	14.99	4
58402		KAODINE 50 MG/ML LOC FR PLASOPC X 60 ML (GEOLA)	KAODINE 50 MG/ML LOC FR PLASOPC X 60 ML (GEOLA)	GEOLAB	19.99	3
38960		KAOSEC 2 MG C/ 4 CPR (C1)	50X4	PHARMASCIENCE	2.00	69
37288		KELTRINA-5% LOCAO CREMOSA 60ML C/C	KELTRINA-5% LOCAO CREMOSA 60ML C/C	MULTILAB	17.99	1
59847		KIT BABY MURIEL CAMOMILA SH ECOND 100ML	KIT BABY MURIEL CAMOMILA SH ECOND 100ML	MURIEL COSMETICOS	19.99	1
59480		KIT BEPANTRIZ 50 MG/G POM 3 BGX 30 G	KIT BEPANTRIZ 50 MG/G POM 3 BGX 30 G	CIMED	10.99	4
59853		KIT DE NEBULIZACAO ROSCAADULTO MD1200	KIT DE NEBULIZACAO ROSCAADULTO MD1200	BIOMED MATERIAL MEDICO HOSPITALAR LTDA	14.99	1
57609		KIT DERMAFEME FR 2 X 200 ML TUTFRU LARI	KIT DERMAFEME FR 2 X 200 ML TUTFRU LARI	CIMED	23.99	1
56980		KIT DERMAFEME FRESH FR 2 X 200ML	KIT DERMAFEME FRESH FR 2 X 200ML	CIMED	23.99	2
59979		KIT FPS 70 200G + FPS 50 120GSUNLESS	KIT FPS 70 200G + FPS 50 120GSUNLESS	PBMED DISTRIBUIDORA LTDA	74.99	1
59848		KIT INF BABY MURIEL SH+CONDMENINO 100ML	KIT INF BABY MURIEL SH+CONDMENINO 100ML	MURIEL COSMETICOS	20.99	1
57327		KIT MED GLICOSE FREE LITE AUTOCODE G-TECH	KIT MED GLICOSE FREE LITE AUTOCODE G-TECH	G TECH	83.99	1
19146		KIT MEDIDOR DE GLICOSE G-TECHFREE 1	KIT MEDIDOR DE GLICOSE G-TECHFREE 1	PERFUMARIA HIGIENE BELEZA	64.99	1
58536		KIT MICRONEBULIZACAO ADULTO(ROSCA)	KIT MICRONEBULIZACAO ADULTO(ROSCA)	PERFUMARIA HIGIENE BELEZA	16.99	3
58533		KIT MICRONEBULIZACAO INFANTIL(ROSCA)	KIT MICRONEBULIZACAO INFANTIL(ROSCA)	PERFUMARIA HIGIENE BELEZA	16.99	2
59773		KIT MURIEL BABY LAVANDASH100+COND100ML	KIT MURIEL BABY LAVANDASH100+COND100ML	MARTINS COMERCIO E SERVI OS	19.99	1
59772		KIT PROT SOLAR SUNLESS FPS50120G+KIDS FPS60 120G	KIT PROT SOLAR SUNLESS FPS50120G+KIDS FPS60 120G	MARTINS COMERCIO E SERVI OS	67.99	3
58939		KURAMEDHEMOFISS POM 30 G BGX 1 APLIC	KURAMEDHEMOFISS POM 30 G BGX 1 APLIC	CIMED	22.99	1
57098		LACTO PURGA	5mg disp c/25bl x 6cpr rev	COSMED	6.36	12
58618		LANCETA C 100 28G	LANCETA	G TECH	14.99	2
58699		LANCETAS DE SEGUR. 28G MINI CXC/100 - ACCUMED	LANCETAS DE SEGUR. 28G MINI CXC/100 - ACCUMED	G TECH	32.99	1
57156		LAVANDA BARUEL BABY TOQUEFRESCOR	LAVANDA BARUEL BABY TOQUEFRESCOR	BARUEL	21.49	2
56911		LAVANDA INFANTIL TROL (TROL)	200ML	HADASSAH COSMETICOS	17.99	1
19707		LAVANDA J&J BABY 200 ML	200 ML	JOHNSON & JOHNSON	35.99	1
58516		LAVITAN CAFEINA 200MG CAPSFRX100	LAVITAN CAFEINA 200MG CAPSFRX100	CIMED	59.99	2
59962		LAVITAN COLAGENOVERISOL+AC.H PO PT300G	LAVITAN COLAGENOVERISOL+AC.H PO PT300G	CIMED	89.99	1
19710		LAVITAN HAIR C/ 30 CPS	LAVITAN HAIR C/ 30 CPS	CIMED	27.99	3
57819		LAVITAN IMUNIDADE C/30 CPR(CIMED)	LAVITAN IMUNIDADE C/30 CPR(CIMED)	CIMED	42.99	2
58275		LAVITAN LUTEINA/60 CAPS	60CAPS	CIMED	62.99	1
19713		LAVITAN MULHER C/ 60 CPR	C/ 60 CPR	CIMED	33.99	1
58328		LAVITAN PRIMULA FEMME 60 CAPS	LAVITAN PRIMULA FEMME 60 CAPS	CIMED	45.99	1
19718		LAVITAN SUPLEMENTOS AZ 60CPR	LAVITAN SUPLEMENTOS AZ 60CPR	CIMED	32.99	2
58823		LAVITAN VIT CABELO BARBA HOMCAP 4BL X15	LAVITAN VIT CABELO BARBA HOMCAP 4BL X15	CIMED	35.99	1
57407		LAVITAN VIT CABELOS E UNHASCAP 4 BL X15	LAVITAN VIT CABELOS E UNHASCAP 4 BL X15	CIMED	39.99	1
59582		LAVITAN VIT E CAPS GEL FR X 30	30CAPS	CIMED	34.99	1
56978		LAVITAN VIT INF COMP MAST FR 60TUT FRUT	LAVITAN VIT INF COMP MAST FR 60TUT FRUT	CIMED	32.99	1
57817		LAVITAN VIT-D SOL OR FR 30ML	30ML	CIMED	21.99	3
59752		LAVITAN ZMA FEMME COMP 2 BL X15	LAVITAN ZMA FEMME COMP 2 BL X15	CIMED	31.99	2
57191		LAXENOL (OLEO MINERAL) 100ML	100ML	NATULAB	12.99	1
59529		LEIBA 1 BI X6 PO SACHE (AL)	6 SACHES	UNIAO QUIMICA	28.99	2
54788		LEITE DE MAGNESIA MAGMAXHORTELA 100 ML-NT	LEITE DE MAGNESIA MAGMAXHORTELA 100 ML-NT	NATULAB	10.99	3
19795		LEITE DE ROSAS GDE 170ML	170 ML	PERFUMARIA HIGIENE BELEZA	6.49	2
19797		LEITE DE ROSAS MED 100 ML	TRADICIONAL	PERFUMARIA HIGIENE BELEZA	4.49	2
59032		LENC UMED PIQUITUCHO 120UNTOALHINHAS(E)*	LENC UMED PIQUITUCHO 120UNTOALHINHAS(E)*	MARTINS COMERCIO E SERVI OS	13.99	7
59902		LENCO UMED MILI INTIMA FEM20UND	LENCO UMED MILI INTIMA FEM20UND	DICOPLAST DIST E COM DE PLASTICOS LTDA	4.99	6
57276		LENCOS UME.ENLACE 48	48 UNID	PERFUMARIA HIGIENE BELEZA	7.99	4
56898		LEVEDURA DE CERVEJA 500MG 280CPR (LAPON)	LEVEDURA DE CERVEJA 500MG 280CPR (LAPON)	LAPON	31.99	1
57358		LEVOFLOXACINO	500mg x 7cpr rev	TEUTO	29.99	2
56141		LEVOFLOXACINO 750 MG C/ 7 CPR	750 MG C/ 7 CPR REV	EUROFARMA	44.99	1
58405		LEVOTIROXINA 150MCG 30CPR -GEN MER	LEVOTIROXINA 150MCG 30CPR -GEN MER	MERCK	17.80	1
58406		LEVOTIROXINA 50MCG 30CPR - GENMER	LEVOTIROXINA 50MCG 30CPR - GENMER	MERCK	13.18	1
58407		LEVOTIROXINA 75MCG 30CPR - GENMER	LEVOTIROXINA 75MCG 30CPR - GENMER	MERCK	14.41	2
58663		LEVOTIROXINA SODICA 125MCG30CPR MRCK	LEVOTIROXINA SODICA 125MCG30CPR MRCK	MERCK	16.50	1
58509		LEVOTIROXINA SODICA 25MCG30CPR MRCK	LEVOTIROXINA SODICA 25MCG30CPR MRCK	MERCK	11.94	2
59694		LEVOTIROXINA SODICA 88MCG30CPR MRCK	LEVOTIROXINA SODICA 88MCG30CPR MRCK	MERCK	17.39	1
20083		LIDOCAINA CLORID. PDA LARANJA	50 MG PDA C/ 25 G SB LARANJA	EMS	19.33	3
25897		LIDOCAINA URETRAL PHARLAB	20MG 30G	PHARLAB	19.99	6
58472		LIMIAR 75MG C/30 CAPS	30CP	EUROFARMA	61.99	1
59072		LIP MANTEIGA DE CACAU ROLLONC/20 RIVKA	LIP MANTEIGA DE CACAU ROLLONC/20 RIVKA	BIOFARMA	5.99	29
26312		LOCAO REPEL XO INSETO KIDS100ML	LOCAO REPEL XO INSETO KIDS100ML	CIMED	19.49	1
57974		LORATADINA 10 MG COM X 12	12CP	UNIAO QUIMICA	9.99	3
57227		LORATADINA 10MG 12CPR CMD	10MG	CIMED	5.99	3
58587		LORATADINA 1MG/ML XPE 100ML	100ML	AIRELA	14.99	0
20459		LORATADINA XPE 100 ML CIMED	1 MG XPE C/ 100 ML	CIMED	14.99	2
20479		LORATAMED SUSP 100ML CIMED	XPE C/ 100 ML	CIMED	18.99	2
59449		LOSARTANA +HIDROCLOROTIAZIDA 100/25MGC/30	LOSARTANA +HIDROCLOROTIAZIDA 100/25MGC/30	TEUTO	22.99	2
20500		LOSARTANA POTASSICA 50 MG C/30 CPR EMS	LOSARTANA POTASSICA 50 MG C/30 CPR EMS	EMS	3.00	4
20503		LOSARTANA POTASSICA 50 MG C/30 CPR LEGRAND	LOSARTANA POTASSICA 50 MG C/30 CPR LEGRAND	LEGRAND PHARMA	4.99	23
20506		LOSARTANA POTASSICA 50 MG C/30 CPR NEOQ.	LOSARTANA POTASSICA 50 MG C/30 CPR NEOQ.	NEO QUIMICA	4.99	58
58698		LOSARTANA POTASSICA+ HCT	50mg+12,5mg x 30cpr rev	SANDOZ - HEXAL	14.99	2
20518		LOSARTANA+HIDROCL.50+25 MG C/30 CPR EUROF	LOSARTANA+HIDROCL.50+25 MG C/30 CPR EUROF	EUROFARMA	19.99	1
58912		LOZEPREL 40MG 28CAPS(OMEPRAZOL)	LOZEPREL 40MG 28CAPS(OMEPRAZOL)	MULTILAB	21.99	4
60027		LUBRIF.RILEX MORANGO 200G	200G	PBMED DISTRIBUIDORA LTDA	35.99	1
58793		LUBRIF.RILEX TRADICIONAL 200G	200G	PERFUMARIA HIGIENE BELEZA	31.99	2
59115		LUBRIFIK LUBRIFICANTE INTIMOGEL BG 50G	LUBRIFIK LUBRIFICANTE INTIMOGEL BG 50G	CIMED	7.99	3
56709		LUFBEM GTS 15ML (SIMETICONA)	GTS	NATULAB	6.99	3
58694		LUVA CIRURGICA ESTERIL 7.0 (PAR)(.)	LUVA CIRURGICA ESTERIL 7.0 (PAR)(.)	PERFUMARIA HIGIENE BELEZA	3.99	6
58693		LUVA CIRURGICA ESTERIL 7.5 (PAR)(.)	LUVA CIRURGICA ESTERIL 7.5 (PAR)(.)	PERFUMARIA HIGIENE BELEZA	3.99	1
58690		LUVA DE PROCEDIMENTO MEDIXTAM-PP C/100UND	LUVA DE PROCEDIMENTO MEDIXTAM-PP C/100UND	MEDICAL SYSTEM	25.99	1
59674		LUVA DESCARTAVEL LATEX C/POTAM G 100UN	LUVA DESCARTAVEL LATEX C/POTAM G 100UN	MEDICAL SYSTEM	36.99	2
59300		LUVA DESCARTAVEL LATEX C/POTAM M 100UN	LUVA DESCARTAVEL LATEX C/POTAM M 100UN	BIOMED MATERIAL MEDICO HOSPITALAR LTDA	36.99	3
59255		LUVA LATEX C/PO P CX 100 UNTALGE	LUVA LATEX C/PO P CX 100 UNTALGE	BIOMED MATERIAL MEDICO HOSPITALAR LTDA	34.99	1
1126		MACRODANTINA 100 MG C/ 28 CPS	100 MG C/ 28 CPS	MANTECORP - FARMASA	17.67	2
54787		MAGMAX 100 ML (HIDROXIDO DEMAGNESIO)	MAGMAX 100 ML (HIDROXIDO DEMAGNESIO)	NATULAB	11.49	3
58429		MAGMAX 300ML NATURAL(HIDROXIDO MAGNESIO)	MAGMAX 300ML NATURAL(HIDROXIDO MAGNESIO)	NATULAB	19.99	2
58558		MAGMAX HORTELA SUS OR80MG/ML X 300ML (NATUL)	MAGMAX HORTELA SUS OR80MG/ML X 300ML (NATUL)	NATULAB	19.99	2
59445		MAGNAZIA COMP MAST 2 BL X 15FARMA	MAGNAZIA COMP MAST 2 BL X 15FARMA	CIMED	14.99	1
20751		MAGNAZIA SUSP ORAL 240 MLCIMED	MAGNAZIA SUSP ORAL 240 MLCIMED	NECKERMAN	19.99	2
57911		MAGNESIO DIMALATO 60 CAPSLAPON	MAGNESIO DIMALATO 60 CAPSLAPON	LAPON	24.99	1
59648		MAGPLUSBIOTREONATO(MAGNESIO+TREONINA+CAFEINA) C/6	MAGPLUSBIOTREONATO(MAGNESIO+TREONINA+CAFEINA) C/6	HERBARIUM	54.99	3
59651		MAGPLUS MAGNESIO DIMALATO400MG C/ 60 CAPS(HERBAME	MAGPLUS MAGNESIO DIMALATO400MG C/ 60 CAPS(HERBAME	HERBARIUM	49.99	2
59652		MAGPLUS MDK(MAGNESIO + VIT.D3+ VIT.K2) C/ 60 CAPS	MAGPLUS MDK(MAGNESIO + VIT.D3+ VIT.K2) C/ 60 CAPS	HERBARIUM	54.99	1
59753		MAL DEXCLORFENIRAMI 0,4MG120ML (-) VITA	MAL DEXCLORFENIRAMI 0,4MG120ML (-) VITA	VITAMED	12.99	3
42132		MAMYLAN C/ 30 GR	BG C/ 30 GR	UNIAO QUIMICA	30.99	1
59937		MANA FIBRAS KIDS 30ML (SOBRA)	MANA FIBRAS	SOBRAL	11.99	1
58692		MANTEIGA DE CACAU BASTAO 1(TROL)	MANTEIGA DE CACAU BASTAO 1(TROL)	TRB PHARMA	2.99	59
60065		MANTEIGA DE SUCURI GEL 130G130G		EXPRESS DIST. DE MEDICAMENTOS LTDA	19.99	0
59592		MASC TRESEMME BLIND ANTIUMI400G	MASC TRESEMME BLIND ANTIUMI400G	SANTA CRUZ DISTRIBUIDORA	29.99	1
59698	0705333487596	MASCARA DESC FACIAL AZUL	50UNID	BIOMED MATERIAL MEDICO HOSPITALAR LTDA	15.99	1
57064		MASCARA DESC TRIPL C/ELAS50UN BRANCA TA	MASCARA DESC TRIPL C/ELAS50UN BRANCA TA	PERFUMARIA HIGIENE BELEZA	12.99	0
58954		MASCARA TRIPLA INFANTIL COMELASTICO AZUL C/50 HC6	MASCARA TRIPLA INFANTIL COMELASTICO AZUL C/50 HC6	PERFUMARIA HIGIENE BELEZA	15.49	2
58955		MASCARA TRIPLA INFANTIL COMELASTICO ROSA C/50 HC6	MASCARA TRIPLA INFANTIL COMELASTICO ROSA C/50 HC6	PERFUMARIA HIGIENE BELEZA	15.49	5
56710		MASFEROL 109MG 40CPR(SULFATO FERROSO)	MASFEROL 109MG 40CPR(SULFATO FERROSO)	NATULAB	15.99	4
21474		MASSAGEOL AEROSOL 120 ML NEOQUIMICA	MASSAGEOL AEROSOL 120 ML NEOQUIMICA	NEO QUIMICA	23.99	2
21475		MASSAGEOL PDA 15 GR	PDA 15 GR	NEO QUIMICA	10.99	2
21476		MASSAGEOL PDA 30 GR	PDA 30 GR	NEO QUIMICA	13.49	1
58491		MATERDAY METILFOLATO 30CAPECO	MATERDAY METILFOLATO 30CAPECO	EIC DO BRASIL	44.99	1
21487		MATERNA C/ 30 DRG	DRG CT FR C/30	WYETH	74.99	1
57319		MATHERLLY GEST 1000MG C/ 30COMP (NATUR)	MATHERLLY GEST 1000MG C/ 30COMP (NATUR)	NATULAB	44.99	1
57320		MATHERLLY LACT 750MG C/ 30COMP (NATUR)	MATHERLLY LACT 750MG C/ 30COMP (NATUR)	NATULAB	39.90	1
56711		MAXALGINA 1G 10 CPR (NATULAB)	1G 10CPR	NATULAB	8.50	4
41609		MAXALGINA GTS FR C/ 20 ML (-)	500 MG/ML	NATULAB	6.99	1
21502		MAXIDEX SOL OFT 5ML	SOL OFT FR C/ 5 ML	NOVARTIS	12.03	1
57221		MAXIFLOX-D COL 5ML	5ML	LATINOFARMA	47.78	1
21511		MAXSULID 400 MG C/ 10 CPR	400 MG C/ 10 CPR	HYPERMARCAS	52.30	1
58211		MECOBE 1000MCG C 30 CP SUB	30CP	MYRALIS PHARMA	51.63	1
58521		MEDIDOR DE GLICOSE ON CALLPLUS II	MEDIDOR DE GLICOSE ON CALLPLUS II	PERFUMARIA HIGIENE BELEZA	61.99	1
21797		MEL ROSADO 30ML FARMAX	EXTRATO FLUIDO DE ROSAS RUBRAS 10%	FARMAX	9.99	4
21818		MELAGRIAO XPE 150 ML	VD 150 ML	CATARINENSE	23.99	2
59899		MELATONINA + VIT B6 0,21MG30CPS	MELATONINA + VIT B6 0,21MG30CPS	EXPRESS DIST. DE MEDICAMENTOS LTDA	21.99	2
57353		MELATONINA 20 ML SOLUCAOGOTAS (AL)	MELATONINA 20 ML SOLUCAOGOTAS (AL)	UNIAO QUIMICA	23.99	1
58581		MELATONINA FR C/300 COMP OROD	300CP	UNIAO QUIMICA	45.99	1
57791		MELATONINA MARACUJA 90 CPR	90CP	NEO QUIMICA	19.99	3
59482		MELOXICAM 15MG 10CPR GEN	10COMP	GEOLAB	9.99	0
56865		MELOXICAM 15MG 10CPR(PHARLAB)	MELOXICAM 15MG 10CPR(PHARLAB)	PHARLAB	11.99	2
59799		MESILATO DOXAZOSINA 4MG30CPR CMD	MESILATO DOXAZOSINA 4MG30CPR CMD	CIMED	19.99	1
56770		METFORMINA 850MG 30 CPR GNGEOLAB	METFORMINA 850MG 30 CPR GNGEOLAB	GEOLAB	12.99	4
21929		METFORMINA CLORID. 500 MG C/ 30CPR TEUTO	METFORMINA CLORID. 500 MG C/ 30CPR TEUTO	TEUTO	9.41	16
21940		METFORMINA CLORID. 850 MG C/ 30CPR PRATI	METFORMINA CLORID. 850 MG C/ 30CPR PRATI	PRATI DONADUZZI	11.99	1
21943		METFORMINA CLORID. 850 MG C/ 30CPR TEUTO	METFORMINA CLORID. 850 MG C/ 30CPR TEUTO	TEUTO	11.99	0
21952		METILDOPA 250 MG C/ 30 CPR	250 MG C/ 30 CPR	EMS	32.69	1
60042		METOCLOPRAMIDA 10MG C/20 COMPRIMIDOS20COMP		EXPRESS DIST. DE MEDICAMENTOS LTDA	8.99	0
60043		METOCLOPRAMIDA 4MG/ML GEN GTS 10ML-ARL10ML		AIRELA	7.99	0
59526		METOPROLOL SUCCI 25MG 30CPRBLB	METOPROLOL SUCCI 25MG 30CPRBLB	BIOLAB SANUS	28.23	5
57233		METRONIDAZOL	250mg x 20cpr	TEUTO	19.99	1
57737		METRONIDAZOL	400mg x 24cpr	TEUTO	19.99	2
1159		METRONIDAZOL 250 MG C/ 20 CPRNEO QUIMICA	METRONIDAZOL 250 MG C/ 20 CPRNEO QUIMICA	NEO QUIMICA	16.15	2
1163		METRONIDAZOL 400 MG C/ 20 CPRLEGRAND	METRONIDAZOL 400 MG C/ 20 CPRLEGRAND	LEGRAND PHARMA	24.99	1
56866		METRONIDAZOL+NISTATINA	100mg/g+20000ui/g crm vag bg x 50g	TEUTO	26.99	2
59811		MICONAZOL CREME VAGINAL 80GNATIVITA(+)	MICONAZOL CREME VAGINAL 80GNATIVITA(+)	NATIVITA	25.99	1
58084		MICROVLAR C 21 DRG	21 CP	BAYER	11.35	5
22091		MINANCORA ACTION MELALEUCAFPS 10 30G	MINANCORA ACTION MELALEUCAFPS 10 30G	MINANCORA	19.99	2
60001		MINOXIDIL 50MG/ML SOL CAP FR50ML GERMED	MINOXIDIL 50MG/ML SOL CAP FR50ML GERMED	GERMED	49.99	1
22149		MIOFLEX-A C/ 12 CPR	C/ 12 CPR	MANTECORP - FARMASA	27.14	1
58247		MIRADOR COLICA 20 CPRV(DIPIRONA + ASSOCIACAO)	MIRADOR COLICA 20 CPRV(DIPIRONA + ASSOCIACAO)	NEO QUIMICA	17.39	3
58409		MIRTAZAPINA 15MG C/30 CPR C1GMD-GENERICO	MIRTAZAPINA 15MG C/30 CPR C1GMD-GENERICO	GERMED	61.99	1
57185		MIRTAZAPINA COM ORODISP 30 MGC/30 (C1)	MIRTAZAPINA COM ORODISP 30 MGC/30 (C1)	EMS	95.99	1
57914		MIRUGELL SOL OFT 5ML	MIRUGELL SOL OFT 5ML	LATINOFARMA	28.27	1
58742		MOLIERI 20 3+0,02MG 24CPR	24CP	EUROFARMA	72.00	2
57392		MOMETASONA 0,5MG/G SUS SPRNAS 120AT	MOMETASONA 0,5MG/G SUS SPRNAS 120AT	EUROFARMA	46.99	2
22222		MOMETASONA FUROATO 1 MG CRC/ 20 GR GERMED	MOMETASONA FUROATO 1 MG CRC/ 20 GR GERMED	GERMED	26.99	2
60029		MOPH AGE 200ML ALMOTOLIAFRANCEFARMA	MOPH AGE 200ML ALMOTOLIAFRANCEFARMA	PBMED DISTRIBUIDORA LTDA	12.99	2
32400		MUCOFAN XPE INF 100 ML	PEDIATRICO 100 ML	UNIAO QUIMICA	20.61	1
59734		MUCOS EXPEC 600MG/5G C/10ENVELOPES-LES	MUCOS EXPEC 600MG/5G C/10ENVELOPES-LES	LEGRAND PHARMA	36.99	2
59922		MULTIVITAMINICO A Z 30CAPS STD	30CAPS	EXPRESS DIST. DE MEDICAMENTOS LTDA	25.99	1
59923		MULTIVITAMINICO GESTANTE30CAPS STD	MULTIVITAMINICO GESTANTE30CAPS STD	EXPRESS DIST. DE MEDICAMENTOS LTDA	25.99	1
59900		MULTIVITAMINICO HOMEM C/30CAPS KATIGUA	MULTIVITAMINICO HOMEM C/30CAPS KATIGUA	EXPRESS DIST. DE MEDICAMENTOS LTDA	25.99	2
1194		MUPIROCINA 20 MG PDA C/ 15 GRPRATI	MUPIROCINA 20 MG PDA C/ 15 GRPRATI	PRATI DONADUZZI	42.99	2
59506		N ROUPA INT BIGFRAL UNISSEXMOV P/M 16UN FALC %D	N ROUPA INT BIGFRAL UNISSEXMOV P/M 16UN FALC %D	MARTINS COMERCIO E SERVI OS	56.99	2
59325		N SAB J J BABY LIQ REF CABECAAOS PES 180ML JOHN	N SAB J J BABY LIQ REF CABECAAOS PES 180ML JOHN	SANTA CRUZ DISTRIBUIDORA	16.49	4
59059		N SAB J J LIQ REF CABECA AOSPES 380ML JOHN %DN:	N SAB J J LIQ REF CABECA AOSPES 380ML JOHN %DN:	JOHNSON & JOHNSON	29.99	2
59572		NAPROXENO 500MG COM X 10	10COMP	UNIAO QUIMICA	18.15	2
59035		NAPROXENO 550MG C 10 COMPGMD	NAPROXENO 550MG C 10 COMPGMD	GERMED	21.99	0
59431		NARATRIPTANA 2,5MG GEN 10 CPRREV-EMS	NARATRIPTANA 2,5MG GEN 10 CPRREV-EMS	ORGAFARMA	34.99	0
22496		NARIDRIN ADT 30 ML 12 HORASEMS	NARIDRIN ADT 30 ML 12 HORASEMS	EMS	20.99	3
57053		NASOJET JATO FORTE AEROSOL9MG/ML (CLOR SODIO)	NASOJET JATO FORTE AEROSOL9MG/ML (CLOR SODIO)	NATULAB	49.99	3
57850		NASOJET MARIS(CL SODIO)JATOCONTI 100ML	NASOJET MARIS(CL SODIO)JATOCONTI 100ML	NATULAB	48.99	2
58548		NATUCLER 60FLAC 10ML ABACAXI(METIONINA+	NATUCLER 60FLAC 10ML ABACAXI(METIONINA+	NATULAB	1.50	0
22544		NATUSGERIN C/ 30 DRG	C/ 30 DRG	LEGRAND PHARMA	48.99	1
59391		NAUSICALM 25MG CAP MOLE X 10	10CAPS	UNIAO QUIMICA	17.99	5
57022	7896010000000	NAXOTEC 500MG COM X 10	10CP	UNIAO QUIMICA	20.58	0
56014		NEBIVOLOL CLORID. 5 MG C/ 30CPR	NEBIVOLOL CLORID. 5 MG C/ 30CPR	TEUTO	34.99	1
56693		NEBULIZADOR INALADOR DE ARNEBCOMDC1 GTECH	NEBULIZADOR INALADOR DE ARNEBCOMDC1 GTECH	G TECH	134.99	1
58819		NENEGLOS CREME 45G	NENEGL S	MA XWELLFARMA DE MEDICAMENTOS LTDA	7.99	6
22601		NEO BRASIL 20 ML	0,15+0,30 MG/ML SOL OFT FR X 20ML	BRAINFARMA	10.99	6
22609		NEO FEDIPINA 10MG 30COMP NEOQUIMICA	NEO FEDIPINA 10MG 30COMP NEOQUIMICA	BRAINFARMA	24.99	1
22610		NEO FEDIPINA 20MG 30COMP NEOQUIMICA	NEO FEDIPINA 20MG 30COMP NEOQUIMICA	BRAINFARMA	19.99	1
59108		NEO VITAMINA D3 7.000 UI 30 CAPMOLE (COLECALCIFER	NEO VITAMINA D3 7.000 UI 30 CAPMOLE (COLECALCIFER	NEO QUIMICA	17.99	3
22639		NEOCOFLAN AER 85 ML NEOQUIMICA	NEOCOFLAN AER 85 ML NEOQUIMICA	BRAINFARMA	21.99	2
57018		NEOCOPAN COMPOSTO COM REVCT BL 2X10	NEOCOPAN COMPOSTO COM REVCT BL 2X10	UNIAO QUIMICA	20.99	5
57361		NEOCOPAN COMPOSTO SOL ORALX 10ML	NEOCOPAN COMPOSTO SOL ORALX 10ML	UNIAO QUIMICA	18.99	6
58722		NEOGERMINA 10FLACON 2BI - NEOQUIMICA	NEOGERMINA 10FLACON 2BI - NEOQUIMICA	NEO QUIMICA	42.99	4
59509		NEOGERMINA FLORA C/12 CAPS	12CAPS	NEO QUIMICA	29.99	4
56957		NEOLEFRIN (FLIB)	400mg+20mg(amarelo) + 400mg+4mg(la	NEO QUIMICA	14.99	2
57364		NEOLEFRIN DIA (FLIB)	800mg + 20mg ct bl al plas inc x 1	NEO QUIMICA	12.99	3
36900		NEOLEFRIN XPE. 60 ML (PARACET.+ ASSOC.)	NEOLEFRIN XPE. 60 ML (PARACET.+ ASSOC.)	NEO QUIMICA	19.99	3
41842		NEOMICINA PDA C/ 20 GR	PDA C/ 20 GR	PRATI DONADUZZI	14.49	3
22659		NEOMICINA+BACITRACINA PDA C/15 GR	NEOMICINA+BACITRACINA PDA C/15 GR	PRATI DONADUZZI	9.99	1
58654		NEOMICINA+BACITRACINA POM 10GGN PHARLAB	NEOMICINA+BACITRACINA POM 10GGN PHARLAB	PHARLAB	9.99	0
58985		NEOPANTOL BABY POM 30G	NEOPANTOL BABY	NEO QUIMICA	8.99	10
22665		NEOPIRIDIN MENTA C/ 12PASTILHAS	NEOPIRIDIN MENTA C/ 12PASTILHAS	HYPERMARCAS	15.49	0
22666		NEOPIRIDIN SPRAY MENTA 50MLNEO QUIMICA	NEOPIRIDIN SPRAY MENTA 50MLNEO QUIMICA	NEO QUIMICA	22.99	3
41607		NEOSORO SOL NASAL AD FR C/ 3	SOLUCAO NASAL C/30ML	NEO QUIMICA	6.00	136
22682		NEOTOSS XPE 100 ML AD	NEOTOSS XPE 100 ML AD	NEO QUIMICA	19.99	3
22683		NEOTOSS XPE PED 60 ML	XPE PED 60 ML	NEO QUIMICA	18.99	2
32732		NEOTRICINA+BACITRACINA PDA C/15 GR	NEOTRICINA+BACITRACINA PDA C/15 GR	LEGRAND PHARMA	11.99	3
58194		NEOVLAR 0,25+0,05MG C 21 CPRREV	NEOVLAR 0,25+0,05MG C 21 CPRREV	BAYER	10.01	2
22741		NEUTROFER 250 MG C/ 30 ML	250MG 30ML	SIGMA PHARMA	64.99	1
22742		NEUTROFER 300 MG C/ 30 CPR	300MG C/30	SIGMA PHARMA	64.20	1
59670		NEUTROG SERUM HB 30ML	30ML	SANTA CRUZ DISTRIBUIDORA	129.99	1
22783		NEVRALGEX C/ 10 CPR CIMED.	C/ 10 CPR	CIMED	5.00	23
58940		NEVRALPRO 11,6 MG/G GEL BG 60G	NEVRALPRO 11,6 MG/G GEL BG 60G	CIMED	11.99	2
22817		NIFEDIPRESS RETARD 20 MG C/ 30CPR	NIFEDIPRESS RETARD 20 MG C/ 30CPR	MEDQUIMICA	30.26	4
22844		NIMESULIDA 100 MG C/ 12 CPRVITAPAN	NIMESULIDA 100 MG C/ 12 CPRVITAPAN	VITAPAN	7.99	2
60018		NIMESULIDA DISPERSIVEL 100MG12CPR (CIFARMA)	NIMESULIDA DISPERSIVEL 100MG12CPR (CIFARMA)	CIFARMA	16.99	2
47917		NISOFLAN SUSP 50 MG/ML 15 ML PV	FR X 15ML	GEOLAB	11.99	2
60044		NISTATINA CREME VAG 60G14 APLICADORES		GREENPHARMA	22.99	0
22896		NISTATINA+OXIDO ZINCO PDA 60GR NEO QUIM	NISTATINA+OXIDO ZINCO PDA 60GR NEO QUIM	NEO QUIMICA	11.99	8
59367		NITAZOXANIDA 20MG/ML SP 45ML GPLB	NITAZOXANIDA 20MG/ML SP 45ML GPLB	PHARLAB	25.99	0
1228		NITROFURANTOINA 100 MG C/ 28CPR TEUTO	NITROFURANTOINA 100 MG C/ 28CPR TEUTO	TEUTO	22.99	3
34912	78906617	NIVEA CR C/ 56 GR	LATA 56G	NIVEA	23.99	0
22964		NOCICLIN C/ 21 CPR EMS	C/ 21 CPR	EMS	9.99	4
58138		NORETISTERONA+ESTRADIOL50+5MG/ML INJ 1ML EURO	NORETISTERONA+ESTRADIOL50+5MG/ML INJ 1ML EURO	EUROFARMA	22.99	6
57263		NORFLOXACINO	400mg x 14cpr rev	CIMED	31.99	2
23041		NOVALGINA 1 GR C/ 10 CPR	1 G C/ 10 CPR	SANOFI-AVENTIS	26.40	0
59927		OCYLIN 500MG C/21CPS(AMOXICILINA)	OCYLIN 500MG C/21CPS(AMOXICILINA)	MULTILAB	19.99	6
59247		OLANZAPINA 2,5MG 30CPR C1BIO-GENERICO	OLANZAPINA 2,5MG 30CPR C1BIO-GENERICO	BIOLAB SANUS	34.99	3
23227		OLEO BRONZEADOR URUCUM F2120ML	OLEO BRONZEADOR URUCUM F2120ML	PERFUMARIA HIGIENE BELEZA	22.69	1
58435		OLEO CAPILAR PURO RICINOFARMAX 60ML	OLEO CAPILAR PURO RICINOFARMAX 60ML	FARMAX	9.99	1
56744		OLEO DE AMENDOAS 30ML FARMAX	30ML	FARMAX	10.99	1
59939		OLEO DE PRIMULA 1000MG 60CAPSKATIGUA	OLEO DE PRIMULA 1000MG 60CAPSKATIGUA	EXPRESS DIST. DE MEDICAMENTOS LTDA	52.99	2
60045		OLEO DE RICINO 30ML30ML		EXPRESS DIST. DE MEDICAMENTOS LTDA	6.49	0
57396		OLEO DE ROSA MOSQUETA PURO30ML FARMAX	OLEO DE ROSA MOSQUETA PURO30ML FARMAX	FARMAX	17.99	2
23353		OLEO MINERAL 100 ML UNI+OQUIMICA	OLEO MINERAL 100 ML UNI+OQUIMICA	PERFUMARIA HIGIENE BELEZA	9.99	4
34808	78907874	OLEO PAIXAO 200 ML ONLY YOUINSPIRADORA(E) - 292	OLEO PAIXAO 200 ML ONLY YOUINSPIRADORA(E) - 292	PERFUMARIA HIGIENE BELEZA	25.99	2
60010		OLEO PAIXAO BRIDGERTON DAMADE PRATA..200ML	OLEO PAIXAO BRIDGERTON DAMADE PRATA..200ML	MARTINS COMERCIO E SERVI OS	22.49	2
34886	78914940	OLEO PAIXAO IRRESISTIVEL 200 ML-	200 ML	PERFUMARIA HIGIENE BELEZA	23.49	1
39100	78922693	OLEO PAIXAO TENTADORA 200 ML-	200 ML	PERFUMARIA HIGIENE BELEZA	25.99	1
58701		OLEO SEMENTE DE UVA PURO30ML	OLEO SEMENTE DE UVA PURO30ML	FARMAX	14.49	1
59813		OLEUM MELALEUCA ESSENCIAL10ML	OLEUM MELALEUCA ESSENCIAL10ML	EXPRESS DIST. DE MEDICAMENTOS LTDA	27.99	0
60066		OLEUM MENTA PIPERITA 10ML10ML		EXPRESS DIST. DE MEDICAMENTOS LTDA	38.99	0
57861		OLMESA+HIDROC 40+12,5MG 30CPRREV EMS	OLMESA+HIDROC 40+12,5MG 30CPRREV EMS	EMS	45.99	1
58003		OLMESARTANA MEDOXOMILA 20MG30CPR ATH	OLMESARTANA MEDOXOMILA 20MG30CPR ATH	ALTHAIA	30.00	1
59757		OLMESARTANA MEDOXOMILA 20MGC/30 GEOLAB	OLMESARTANA MEDOXOMILA 20MGC/30 GEOLAB	GEOLAB	29.99	3
58004		OLMESARTANA MEDOXOMILA 40MG30CPR ATH	OLMESARTANA MEDOXOMILA 40MG30CPR ATH	ALTHAIA	44.99	1
58320		OLMESARTANA+HIDRO 40+25MGC/30CP(+)EMS	OLMESARTANA+HIDRO 40+25MGC/30CP(+)EMS	EMS	44.99	1
57483		OMCILON A	1mg/g pas bg x 10g	APSEN	27.75	0
59898		OMEGA 3 1000MG DHA+EPA+ALA120CAPS KATIG	OMEGA 3 1000MG DHA+EPA+ALA120CAPS KATIG	EXPRESS DIST. DE MEDICAMENTOS LTDA	44.99	1
59955		OMEGATIVE AZ 1000MG C/ 30 CAPSGEL - KRESS	OMEGATIVE AZ 1000MG C/ 30 CAPSGEL - KRESS	EMMARKA PB DISTRIB DE MEDICAMENTOS LTDA	54.99	2
59956		OMEGATIVE OMEGA 3 TG KIDSLARANJA 60ML	OMEGATIVE OMEGA 3 TG KIDSLARANJA 60ML	EMMARKA PB DISTRIB DE MEDICAMENTOS LTDA	78.99	1
59990		OMENAX (OMEPRAZOL) 20MGBLISTER 28CAP	OMENAX (OMEPRAZOL) 20MGBLISTER 28CAP	GEOLAB	9.99	2
59614		OMENAX 20MG C/56CAPS (GEOLA)	56CAPS	GEOLAB	14.99	2
23441		OMEPRAZOL 20 MG C/ 56 CPSTEUTO	OMEPRAZOL 20 MG C/ 56 CPSTEUTO	TEUTO	14.99	0
57023		OMEPRAZOL 20MG CAP DURA BL14CP	OMEPRAZOL 20MG CAP DURA BL14CP	UNIAO QUIMICA	14.99	1
59168		OMEPRAZOL 20MG X 28 CAPS	20MG 28CAPS	CIMED	9.99	1
58437		ONDANSETRONA 8 MG x 10 COM	ONDASETRONA 8 MG	UNIAO QUIMICA	19.99	2
60025		ONDANSETRONA 8MG 10CPR GEO	10COMP	GEOLAB	17.99	2
23506		OPTIVE COL 10 ML	10 ML	ALLERGAN	64.99	1
58008		OSTEOFIX 1250MG D+ 200UI C/60 CP(NATUR)	OSTEOFIX 1250MG D+ 200UI C/60 CP(NATUR)	NATULAB	35.99	2
1309		OTO-BETNOVATE 10 ML	SOL OTOLOGICA 10 ML	FARMOQUIMICA	38.60	2
23589		OTO-XILODASE GTS 8 ML	FR C/ 8 ML	APSEN	28.35	1
1312		OTOSPORIN 10 ML ZEST	VD C/ 10 ML	FARMOQUIMICA	18.65	2
55933		OTOSYLASE SOL.OTOLOGICA 10ML-FLUOCINOLONA ACETONI	OTOSYLASE SOL.OTOLOGICA 10ML-FLUOCINOLONA ACETONI	GEOLAB	25.00	5
57130		OXALATO ESCITALOPRAM (C1)	20 mg c/2 x 15 cpr rev	GERMED	29.99	3
57163		OXCARBAZEPINA	60mg/ml sus or fr x 100ml + ser do	UNIAO QUIMICA	74.99	3
60012		P SOLAR SUNDOWN FPS50100ML-DEMAIS PROD	P SOLAR SUNDOWN FPS50100ML-DEMAIS PROD	SANTA CRUZ DISTRIBUIDORA	41.99	1
60013		P SOLAR SUNDOWN KIDS FPS60100ML	P SOLAR SUNDOWN KIDS FPS60100ML	SANTA CRUZ DISTRIBUIDORA	50.99	1
23782		PANTOPRAZOL 20 MG C/ 28 CPRREV GERMED	PANTOPRAZOL 20 MG C/ 28 CPRREV GERMED	GERMED	13.99	1
23796		PANTOPRAZOL 40 MG C/ 28 CPRLEGRAND	PANTOPRAZOL 40 MG C/ 28 CPRLEGRAND	LEGRAND PHARMA	19.99	1
59871		PANTOPRAZOL 40MG COMP REV3BL X 14	PANTOPRAZOL 40MG COMP REV3BL X 14	CIMED	15.99	1
57788		PANTOPRAZOL SODICO 40MG30CPR MDQ	PANTOPRAZOL SODICO 40MG30CPR MDQ	MEDQUIMICA	13.99	2
57605		PARAC+F.CODEINA500+30 MG COMP344A2C/12	PARAC+F.CODEINA500+30 MG COMP344A2C/12	UNIAO QUIMICA	24.99	1
58760		PARACETAMOL 750 MG COM 20 CP	20 CP	UNIAO QUIMICA	9.99	11
59257		PARACETAMOL 750 MG COMP 20 BLX 10	PARACETAMOL 750 MG COMP 20 BLX 10	CIMED	5.00	17
58992		PARACETAMOL 750MG 10COMP	750MG 10COMP	PRATI DONADUZZI	5.00	18
58389		PARACETAMOL+CODEINA (A2)500+30MG 24CPR GER	PARACETAMOL+CODEINA (A2)500+30MG 24CPR GER	GERMED	42.99	1
55975		PARACETAMOL+CODEINA C/ 12CPR EMS	PARACETAMOL+CODEINA C/ 12CPR EMS	EMS	24.99	0
23969		PARACETAMOL+PSEUDOEFEDRINAC/ 24 CPR GERM	PARACETAMOL+PSEUDOEFEDRINAC/ 24 CPR GERM	GERMED	16.00	0
59817		PASSA FEBRE (COMPRESSA FRIA) -MUNILA	PASSA FEBRE (COMPRESSA FRIA) -MUNILA	EXPRESS DIST. DE MEDICAMENTOS LTDA	7.99	14
57812		PASTA D AGUA (OXI ZINCOMENTOL) 80G NAT	PASTA D AGUA (OXI ZINCOMENTOL) 80G NAT	NATULAB	14.99	3
56910		PASTA DAGUA COM GLICERINAPOTE FARMAX 120G (FARMA)	PASTA DAGUA COM GLICERINAPOTE FARMAX 120G (FARMA)	FARMAX	9.99	2
58988		PASTADAGUA OXIDOZINCO+ENXOFRE 80G	PASTADAGUA OXIDOZINCO+ENXOFRE 80G	NATULAB	8.99	3
58066	0736532157812	PATA DE VACA 500 MG 60 CPS	60 CPS	PERFUMARIA HIGIENE BELEZA	25.99	1
59940		PEDRA HUME SOL SPRAY C/30ML	PEDRA HUME	EXPRESS DIST. DE MEDICAMENTOS LTDA	10.99	3
58725		PEIXONIX OMEGA 3 400MG CEREJA60CPS MAST	PEIXONIX OMEGA 3 400MG CEREJA60CPS MAST	M & A	59.99	2
24142		PENETRO INALANTE 45ML	22MG/ML	DAUDT OLIVEIRA	36.17	0
59286		PENTE DE ACO TIRA PIOLHO(ROSA) C/ LUPA E C/ LIMPA	PENTE DE ACO TIRA PIOLHO(ROSA) C/ LUPA E C/ LIMPA	PBMED DISTRIBUIDORA LTDA	20.99	2
60030	7898980000000	PENTE FINO DE ACO TIRA PIOLHOROSA - C/ CABO 3B	PENTE FINO DE ACO TIRA PIOLHOROSA - C/ CABO 3B	PBMED DISTRIBUIDORA LTDA	23.99	2
24233		PEPSOGEL C/ 240 ML	GEL X 240 ML	LEGRAND PHARMA	20.99	1
56904		PERIODENT SOLUCAO BUCAL 250ML SEM ALCOOL (GLOBO)	PERIODENT SOLUCAO BUCAL 250ML SEM ALCOOL (GLOBO)	GLOBO	21.99	0
59564		PERLUMES 150/10MG INJ 1ML-NVS	150mg/ml+10mg/ml sol inj x 1amp x	NOVA QUIMICA	17.56	3
57381		PETIVIT BC SABOR MORANGOC/240ML (BRAST)	PETIVIT BC SABOR MORANGOC/240ML (BRAST)	BRASTERAPICA	14.99	2
59809		PHITOSS KIDS XPE PET C/100ML	100ML	BRASTERAPICA	19.99	1
59434		PINCA DEPILAT.MERHEJE-104 CT/12	1UNID	MARTINS COMERCIO E SERVI OS	2.50	13
24541		PIROXICAM 20 MG C/ 10 CPRGERMED	PIROXICAM 20 MG C/ 10 CPRGERMED	GERMED	12.99	3
24636		PLAX 250 ML FRESH MINT	PLAX FREH MINT	COLGATE - PALMOLIVE	9.99	0
57439		POLARADEX 0,4MG/ML XPE 100MLNTB	POLARADEX 0,4MG/ML XPE 100MLNTB	NATULAB	14.99	5
24827		POLIDERMS 20 GR U. QUIMICA	CR C/ 20 GR	UNIAO QUIMICA	29.99	1
59818		POMADA DE BASILICAO 27G-UBR	27G	EXPRESS DIST. DE MEDICAMENTOS LTDA	23.99	2
59196		PORTA COMPRIMIDO TR.SEMANAL	TRANSPARENTE	CAA NORTE LTDA	7.49	3
59943		POSSOL LOCAO 120 ML - POS SOL	POS SOL	EXPRESS DIST. DE MEDICAMENTOS LTDA	15.49	3
56766		PREDNISOLONA 40MG 7CPR REVGN ALTHAIA	PREDNISOLONA 40MG 7CPR REVGN ALTHAIA	ALTHAIA	22.99	1
58167		PREDNISOLONA 5MG 10CPR EUR	5MG 10CPR EUR	EUROFARMA	8.99	3
25093		PREDNISONA 5 MG C/ 20 CPRGERMED	PREDNISONA 5 MG C/ 20 CPRGERMED	GERMED	11.99	3
58168		PREGABALINA 75MG	(C1) 75MG 30CAP GMD	GERMED	24.99	8
25175		PRES BLOWTEX ELITE C/03	LUBRIFICADO	PERFUMARIA HIGIENE BELEZA	2.99	14
49670		PRES BLOWTEX MORANGO 12X3F.P.	PRES BLOWTEX MORANGO 12X3F.P.	PERFUMARIA HIGIENE BELEZA	7.99	7
50470		PRES BLOWTEX SKYN C/03	PRES BLOWTEX SKYN C/03	PERFUMARIA HIGIENE BELEZA	15.99	2
53916		PRES LUB SEX FREE C/ 3 UN BASIC	PRES LUB SEX FREE C/ 3 UN BASIC	PERFUMARIA HIGIENE BELEZA	3.49	6
53924		PRES LUB SEX FREE C/ 3 UNCHOCOLATE	PRES LUB SEX FREE C/ 3 UNCHOCOLATE	PERFUMARIA HIGIENE BELEZA	3.99	5
53919		PRES LUB SEX FREE C/ 3 UNEXCITING	PRES LUB SEX FREE C/ 3 UNEXCITING	PERFUMARIA HIGIENE BELEZA	8.99	4
53917		PRES LUB SEX FREE C/ 3 UNEXTRA-LARGE	PRES LUB SEX FREE C/ 3 UNEXTRA-LARGE	PERFUMARIA HIGIENE BELEZA	6.99	2
53921		PRES LUB SEX FREE C/ 3 UNMENTA	PRES LUB SEX FREE C/ 3 UNMENTA	PERFUMARIA HIGIENE BELEZA	3.99	6
53920		PRES LUB SEX FREE C/ 3 UNMORANGO	PRES LUB SEX FREE C/ 3 UNMORANGO	PERFUMARIA HIGIENE BELEZA	3.49	4
53918		PRES LUB SEX FREE C/ 3 UNSENSITIVE	PRES LUB SEX FREE C/ 3 UNSENSITIVE	PERFUMARIA HIGIENE BELEZA	6.99	5
53922		PRES LUB SEX FREE C/ 3 UNTUTTI-FRUTTI	PRES LUB SEX FREE C/ 3 UNTUTTI-FRUTTI	PERFUMARIA HIGIENE BELEZA	3.49	4
53925		PRES LUB SEX FREE C/ 3 UN UVA	PRES LUB SEX FREE C/ 3 UN UVA	PERFUMARIA HIGIENE BELEZA	3.49	4
49415		PRES RILEX MENTA C/ 3	PRES RILEX MENTA C/ 3	PERFUMARIA HIGIENE BELEZA	3.49	7
42798		PRES RILEX MORANGO C/ 3	MORANGO C/3	PERFUMARIA HIGIENE BELEZA	3.49	10
53645		PRES RILEX TRAD LUBRIFICAD C/3	PRES RILEX TRAD LUBRIFICAD C/3	PERFUMARIA HIGIENE BELEZA	3.49	9
59576		PRES SEX FREE NAO LUBRIFICADO3 UNDS	PRES SEX FREE NAO LUBRIFICADO3 UNDS	PBMED DISTRIBUIDORA LTDA	3.99	3
59732		PRESERV BLOWTEX SKYN EXT LUBC 3	PRESERV BLOWTEX SKYN EXT LUBC 3	EMMARKA PB DISTRIB DE MEDICAMENTOS LTDA	15.99	3
57750		PRESERV. LUBRIFIL.C/3 AROMCHOCOL (RILEX (.)	PRESERV. LUBRIFIL.C/3 AROMCHOCOL (RILEX (.)	PERFUMARIA HIGIENE BELEZA	2.99	5
57748		PRESERV. LUBRIFIL.C/3 AROMTUT/FR (RILEX (.)	PRESERV. LUBRIFIL.C/3 AROMTUT/FR (RILEX (.)	PERFUMARIA HIGIENE BELEZA	3.49	9
57747		PRESERV. LUBRIFIL.C/3 AROM UVA(RILEX) (.)	PRESERV. LUBRIFIL.C/3 AROM UVA(RILEX) (.)	PERFUMARIA HIGIENE BELEZA	3.49	10
58368		PRESERVATIVO ALGODAO DOCERILEX 3 UNID	PRESERVATIVO ALGODAO DOCERILEX 3 UNID	PERFUMARIA HIGIENE BELEZA	3.49	6
58774		PRESERVATIVO HOT RILEX 48X3	3 UNID	PERFUMARIA HIGIENE BELEZA	6.99	3
58775		PRESERVATIVO ICE RILEX 48X3	3 UNID	PERFUMARIA HIGIENE BELEZA	6.99	5
57908		PRESERVATIVO LEITECONDENSADO RILEX 3	PRESERVATIVO LEITECONDENSADO RILEX 3	PERFUMARIA HIGIENE BELEZA	3.99	4
57909		PRESERVATIVO RETARDANTERILEX C/3	PRESERVATIVO RETARDANTERILEX C/3	PERFUMARIA HIGIENE BELEZA	8.49	1
58590		PRESERVATIVO RILEXESPERMICIDA C/3UND	PRESERVATIVO RILEXESPERMICIDA C/3UND	PERFUMARIA HIGIENE BELEZA	3.49	3
58157		PRESERVATIVO RILEX EXTRALARGE C/ 3 (RILEX)	PRESERVATIVO RILEX EXTRALARGE C/ 3 (RILEX)	PERFUMARIA HIGIENE BELEZA	6.99	2
59615		PRESERVATIVO RILEX PACOCA C/ 3(RILEX)	PRESERVATIVO RILEX PACOCA C/ 3(RILEX)	PBMED DISTRIBUIDORA LTDA	3.99	1
58592		PRESERVATIVO SENSITIVE RILEX 3	3 UNID	PERFUMARIA HIGIENE BELEZA	6.99	5
59287		PRESERVATIVO SEX FREERETARDANTE PROLONG	PRESERVATIVO SEX FREERETARDANTE PROLONG	PBMED DISTRIBUIDORA LTDA	9.99	1
58777		PRESERVATIVO TEXTURIZADO 3UNRILEX	PRESERVATIVO TEXTURIZADO 3UNRILEX	PERFUMARIA HIGIENE BELEZA	8.49	4
25306		PREVIANE C/ 21 CPR	C/ 21 CPR	LEGRAND PHARMA	19.99	5
59641		PROCTFIS H 5+20+20+100MG/G POM20G+10DED	PROCTFIS H 5+20+20+100MG/G POM20G+10DED	UNIAO QUIMICA	29.99	1
59616		PROCTOSAN POMADA 20G 6APLICACOES	PROCTOSAN POMADA 20G 6APLICACOES	HERTZ - KLEY HERTZ	43.99	2
56873		PROFERGAN	20mg/g crm derm bg x 30g	TEUTO	21.99	0
55520		PROMESTRIENO	10 MG/G CR VAG 30 GR+20 APLIC	EUROFARMA	59.99	1
48324		PROMETAZINA CLORID. 25 MG C/ 20CPR	PROMETAZINA CLORID. 25 MG C/ 20CPR	TEUTO	9.99	3
25470		PROPRANOLOL CLORID. 40 MG C/30 CPR UQ	PROPRANOLOL CLORID. 40 MG C/30 CPR UQ	UNIAO QUIMICA	8.99	23
59991		PROT LABIAL SUNLESS 4,5G F30BASTAO(E)*	PROT LABIAL SUNLESS 4,5G F30BASTAO(E)*	DPC DISTRIBUIDORA ATACADISTA S/A	17.99	1
56745		PROT SOL FPS30 TQ SEC SUNLESS120G	PROT SOL FPS30 TQ SEC SUNLESS120G	FARMAX	34.99	2
58746		PROT SOL NIVEA SUN 200ML F30PROTBRONZE+100ML F30	PROT SOL NIVEA SUN 200ML F30PROTBRONZE+100ML F30	NIVEA	57.99	1
59993		PROT SOL SUNLESS 060G F50FACIAL C BASE BRONZE(E)*	PROT SOL SUNLESS 060G F50FACIAL C BASE BRONZE(E)*	DPC DISTRIBUIDORA ATACADISTA S/A	30.99	1
59222		PROT SOL SUNLESS 120G F50 *	120G FPS 50	PBMED DISTRIBUIDORA LTDA	37.99	2
59538		PROT SOL SUNLESS 200G F70TOQUE SECO(E)*	PROT SOL SUNLESS 200G F70TOQUE SECO(E)*	DPC DISTRIBUIDORA ATACADISTA S/A	53.99	1
59992		PROT SOLAR SUNLESS FACTRANSL FPS50 35G	PROT SOLAR SUNLESS FACTRANSL FPS50 35G	DPC DISTRIBUIDORA ATACADISTA S/A	38.99	1
46327		PROT. SOL. NIVEA SUN 125 ML FPS30	PROT. SOL. NIVEA SUN 125 ML FPS30	NIVEA	43.99	1
55802		PROT. SOL. SUNLESS KIDS 120 GR	FPS 60	FARMAX	54.99	1
59745		PROTETOR SOLAR LOREALEXPERTISE EF MAKEUP FPS70 CO	PROTETOR SOLAR LOREALEXPERTISE EF MAKEUP FPS70 CO	LOREAL	32.99	2
59288		PROTETOR SOLAR SUNLESS BABYTOQUE SECO FPS60 120G-	PROTETOR SOLAR SUNLESS BABYTOQUE SECO FPS60 120G-	PBMED DISTRIBUIDORA LTDA	42.99	2
58418		PRYSMA 2MG C 20 COMP REV B1 C1	20CP	EUROFARMA	85.99	2
58419		PRYSMA 3MG C/20 COMP REVB1/C1-REFERENCIA	PRYSMA 3MG C/20 COMP REVB1/C1-REFERENCIA	EUROFARMA	85.99	2
59960		PULMOVIC XPE INF 120ML(GUAIFENESINA) (KRESS)	PULMOVIC XPE INF 120ML(GUAIFENESINA) (KRESS)	EMMARKA PB DISTRIB DE MEDICAMENTOS LTDA	19.99	2
25728		PURAN T4 12,5 MG C/ 30 CPR	12,5 MG C/ 30 CPR	SANOFI-AVENTIS	5.99	1
25739		PURAN T4 37,5 MG C/ 30 CPR	37,5 MG C/ 30 CPR	SANOFI-AVENTIS	11.96	1
59619		PURAVIT ADZ GTS 10ML	10ML	MYRALIS PHARMA	59.99	1
38685		PVPI FARMAIODINE TOPICO 100 ML	FARMAX	FARMAX	12.99	1
33841		PYRIDIUM 200 MG C/ 18 DRG	200 MG C/ 18 DRG	ZODIAC	36.80	1
57630	0736532157744	QUEBRA PEDRA 500 MG 60 CPS	60CCP	NATIVITA	26.99	2
60046		QUEIMADOL POMADA 30G30G		EXPRESS DIST. DE MEDICAMENTOS LTDA	21.99	0
56059		QUETIAPINA FUMARATO 100 MG C/30 CPR	QUETIAPINA FUMARATO 100 MG C/30 CPR	GEOLAB	44.99	1
1433		QUETIAPINA FUMARATO 25 MG C/30 CPR (C1) GOLAB	QUETIAPINA FUMARATO 25 MG C/30 CPR (C1) GOLAB	GEOLAB	19.99	5
58724		QUINA INGLESA 450ML (AGUAINGLESA)	QUINA INGLESA 450ML (AGUAINGLESA)	LAPON	17.99	2
58070		REGENCEL 10MU+25+5+5MG POM3,5G AB	REGENCEL 10MU+25+5+5MG POM3,5G AB	LATINOFARMA	18.42	2
59029		REMOV FARMAX 100ML A BASEACETONA*(E)*	REMOV FARMAX 100ML A BASEACETONA*(E)*	MARTINS COMERCIO E SERVI OS	4.99	12
26164		REMOV. ESMALTE 100 ML FARMAX	100 ML	FARMAX	6.39	4
26165		REMOV. ESMALTE 100 ML FARMAXUVA	REMOV. ESMALTE 100 ML FARMAXUVA	FARMAX	5.99	4
58994		REPARIL GEL 30G MYLA %DN:0.00	REPARIL GEL	SANTA CRUZ DISTRIBUIDORA	40.95	1
26290		REPEL OFF FAMILY LOCAO 100 ML	100 ML	JOHNSON & JOHNSON	17.49	2
26293		REPEL OFF KIDS LOCAO LEV200PG117 ML	REPEL OFF KIDS LOCAO LEV200PG117 ML	JOHNSON & JOHNSON	24.99	1
58861		REPEL OFF! 170ML SPR ACTIVE(E)	170ML	PERFUMARIA HIGIENE BELEZA	29.99	1
59852		REPEL.INSETOS OFF FAMILYSPRAY 100ML	REPEL.INSETOS OFF FAMILYSPRAY 100ML	MARTINS COMERCIO E SERVI OS	20.99	2
57279		REPEL.REPELERE BABY MH 100ML	100ML	PERFUMARIA HIGIENE BELEZA	21.99	2
59003	7898990000000	REPELENTE DE INSETOS REPELIZSPRAY 200ML (REPEL)	REPELENTE DE INSETOS REPELIZSPRAY 200ML (REPEL)	PERFUMARIA HIGIENE BELEZA	24.99	1
59973		REPELENTE FAMILY REPELLERE100ML	REPELENTE FAMILY REPELLERE100ML	MARTINS COMERCIO E SERVI OS	9.99	3
58768		REPELENTE INSE FAMILIAICARIDINA 25% SPRAY 100ML (	REPELENTE INSE FAMILIAICARIDINA 25% SPRAY 100ML (	MOMENTA	29.99	2
59349		REPELENTE INSETOS REPYL KIDSSPRAY 100ML	REPELENTE INSETOS REPYL KIDSSPRAY 100ML	CAA NORTE LTDA	21.99	2
59348		REPELENTE INSETOS REPYLSPRAY 100ML	REPELENTE INSETOS REPYLSPRAY 100ML	CAA NORTE LTDA	22.49	1
26318		REPOFLOR 200 MG C/ 6 CPSLEGRAND	REPOFLOR 200 MG C/ 6 CPSLEGRAND	EMS	31.99	3
26317		REPOFLOR C/ 12 CPS	C/ 12 CPS	EMS	32.99	0
26323		REPOPIL C/ 21 CPR	C/ 21 DRG	EMS	17.99	6
57409		RESFEGRIPE 20CAPS(PARAC+CLORFEN+FENILEFRINA)	RESFEGRIPE 20CAPS(PARAC+CLORFEN+FENILEFRINA)	MULTILAB	7.99	36
58669		RESSALIV SOL OR 48 FLACX10MLSBR ABACAXI	RESSALIV SOL OR 48 FLACX10MLSBR ABACAXI	CIMED	1.50	35
56285		RIFOTRAT SPRAY 20 ML/AM NATULAB	SPRAY 20 ML/AM NATULAB	NATULAB	29.90	4
43997		RISEDRONATO SODICO 35 MG C/ 4CPR	RISEDRONATO SODICO 35 MG C/ 4CPR	EMS	59.99	1
57192		RISPERIDONA	2mg x 30cpr rev	TEUTO	23.99	1
59997		RISPERIDONA (G) 1MG 30CP (C1)(GEOLA) (C1)	RISPERIDONA (G) 1MG 30CP (C1)(GEOLA) (C1)	GEOLAB	21.99	3
1493		RISPERIDONA 1 MG C/ 30 CPR (C1)	1 MG C/ 30 CPR (C1)	EUROFARMA	21.99	1
1494		RISPERIDONA 1 MG C/ 30 ML (C1)	1 MG C/ 30 ML (C1)	EMS	64.99	3
39042		RISPERIDONA 1 MG C/ 30 ML (C1)	1 MG C/ 30 ML (C1)	GERMED	64.99	2
59687		RISPERIDONA 2MG C 30 CP C1	30COMP	GEOLAB	19.99	1
59546		RISPERIDONA 3MG (C1) GEN 30CPR REV-VTG	RISPERIDONA 3MG (C1) GEN 30CPR REV-VTG	VITAMED	24.99	4
57297		RITMONEURAN DISPLAY FLAC 10ML	10ML	HERTZ - KLEY HERTZ	7.00	4
58933		RITMONEURAN RTM CAPS 2X10	RITMONEURAM	EMMARKA PB DISTRIB DE MEDICAMENTOS LTDA	23.99	2
59749		RIVAROXABANA 10 MG COMP REV1BL X 30	RIVAROXABANA 10 MG COMP REV1BL X 30	CIMED	21.99	2
59329		RIVAROXABANA 15MG - CX. C/ 30COMP (PHARL)	RIVAROXABANA 15MG - CX. C/ 30COMP (PHARL)	PHARLAB	33.99	1
60056		ROSUVASTATINA CAL 20MG 30CPR REV PHARLAB20COMP		PHARLAB	17.99	0
60055		ROSUVASTATINA CALCICA 10MG - 30CPR PHARLAB (PHARL)30COMP		PHARLAB	11.99	0
26514		ROSUVASTATINA CALCICA 20 MG C/30 CPRLEGRAND	ROSUVASTATINA CALCICA 20 MG C/30 CPRLEGRAND	LEGRAND PHARMA	21.99	3
59505		ROUPA INTIMA MOVIMENT BIGFRAL16UN G/XG	ROUPA INTIMA MOVIMENT BIGFRAL16UN G/XG	MARTINS COMERCIO E SERVI OS	56.99	3
59881		SAB LUX 200ML LIQGARDENIA/OLEO AMENDOAS REFIL	SAB LUX 200ML LIQGARDENIA/OLEO AMENDOAS REFIL	DPC DISTRIBUIDORA ATACADISTA S/A	8.99	1
60048		SAB NATHY 400ML LIQ BRISA LAVANDA REFIL MAOS *400ML REFIL		EXPRESS DIST. DE MEDICAMENTOS LTDA	9.90	0
59776		SAB PROTEX BABY 200ML LIQLAVANDA(E)	SAB PROTEX BABY 200ML LIQLAVANDA(E)	MARTINS COMERCIO E SERVI OS	20.99	1
57849		SAB PROTEX CREAM 85G	85G	PROCTER & GAMBLE	4.49	11
26661		SAB. GLICERINA NEUTRO ARTENATIVA 100 G	SAB. GLICERINA NEUTRO ARTENATIVA 100 G	ARTE NATIVA	5.69	1
26663		SAB. GRANADO 90 GR BEBE ERVADOCE	SAB. GRANADO 90 GR BEBE ERVADOCE	GRANADO	6.49	2
55170		SAB. GRANADO ENXOFRE 12X90G	SAB. GRANADO ENXOFRE 12X90G	GRANADO	8.99	12
55172	37896500000000	SAB. GRANADO GLIC.BEBE 12X90G	SAB. GRANADO GLIC.BEBE 12X90G	GRANADO	7.99	12
26676		SAB. GRANADO LIQ 250MLGLICERINA REFIL	SAB. GRANADO LIQ 250MLGLICERINA REFIL	GRANADO	18.99	3
26688		SAB. INTIMO INTIMAX FLOWER200ML LV2 PG1	SAB. INTIMO INTIMAX FLOWER200ML LV2 PG1	PERFUMARIA HIGIENE BELEZA	20.99	2
26728		SAB. LIQ BEBE GLIC LAVANDA250ML REFIL	SAB. LIQ BEBE GLIC LAVANDA250ML REFIL	PERFUMARIA HIGIENE BELEZA	18.99	2
26791		SAB. LIQ GRANADO BEBEGLICERINA 250ML	SAB. LIQ GRANADO BEBEGLICERINA 250ML	GRANADO	24.99	0
56223		SAB. LUX SUAVE 85 GR LAVANDA -	85 GR LAVANDA	UNILEVER	3.69	5
50951		SAB. POM POM GLICERINADO 12X1	SAB. POM POM GLICERINADO 12X1	PERFUMARIA HIGIENE BELEZA	3.99	9
50952		SAB. POM POM HIDRATANTE 12X1$	SAB. POM POM HIDRATANTE 12X1$	PERFUMARIA HIGIENE BELEZA	3.99	7
50953		SAB. POM POM OLEO DEAMENDOAS 80GR	SAB. POM POM OLEO DEAMENDOAS 80GR	PERFUMARIA HIGIENE BELEZA	3.99	9
56589		SAB. POMPOM HIDRATANTE L5P480 GR 5X1(14)	SAB. POMPOM HIDRATANTE L5P480 GR 5X1(14)	PERFUMARIA HIGIENE BELEZA	4.99	18
57569		SAB.LIQ.LUX BOT.200ML REF.LAV.	200ML	PERFUMARIA HIGIENE BELEZA	8.99	1
57043		SABONETE DE ENXOFRE 90G(ARTE NATIVA)	SABONETE DE ENXOFRE 90G(ARTE NATIVA)	ARTE NATIVA	6.99	1
59346		SABONETE LIQ MONANGE REFILDETOX 200ML *(2)	SABONETE LIQ MONANGE REFILDETOX 200ML *(2)	CAA NORTE LTDA	8.99	2
59347		SABONETE LIQ MONANGE REFILFLOR LAVANDA 200ML *(2	SABONETE LIQ MONANGE REFILFLOR LAVANDA 200ML *(2	CAA NORTE LTDA	9.49	3
34179		SAL DE FRUTA ENO LARANJA C/2	ENV 2X5 GR LARANJA	GSK - GLAXOSMITHKLINE	5.11	6
57059		SALICETIL (FLIB)	100 MG C/10CP	BRAINFARMA	2.00	2
59958		SANGOVIT 480ML	SANGOVIT 480ML	EMMARKA PB DISTRIB DE MEDICAMENTOS LTDA	45.99	1
57613	0736532157614	SA DE DO INTESTINO 500 MG 60CPS	SA DE DO INTESTINO 500 MG 60CPS	NATIVITA	29.99	1
55259		SEAKALM 90 MG/ML SOL 100 ML	100 ML	NATULAB	37.89	1
27304		SEAKALM C/ 20 CPR	260 MG/CPR	NATULAB	27.99	3
59128		SEAKALM MELATONINA 15ML(NATULAB)	SEAKALM MELATONINA 15ML(NATULAB)	NATULAB	23.99	4
59914		SEAKALM MELATONINA MAST0,21MG 90CPR	SEAKALM MELATONINA MAST0,21MG 90CPR	NATULAB	25.99	2
59637		SEBO DE CARNEIRO EXT. FORTEAVVIO 220G	SEBO DE CARNEIRO EXT. FORTEAVVIO 220G	EXPRESS DISTRIBUIDORA DE MEDICAMENTOS LTDA	13.99	1
58791		SEBO DE CARNEIRO TRADICIONALAVVIO 220G	SEBO DE CARNEIRO TRADICIONALAVVIO 220G	AVANTE	13.99	1
59804		SECRELISE XPE 120ML(OXOMEMAZINA+IODETOPOTA+BENZO	SECRELISE XPE 120ML(OXOMEMAZINA+IODETOPOTA+BENZO	EMS	23.99	4
60020		SERINGA 3ML C/AG ROSCA 25X0,70CX100 UN	SERINGA 3ML C/AG ROSCA 25X0,70CX100 UN	EXPRESS DIST. DE MEDICAMENTOS LTDA	1.50	66
60004		SERINGA 60ML S/AG SLIPDESCARPACK	SERINGA 60ML S/AG SLIPDESCARPACK	BIOMED MATERIAL MEDICO HOSPITALAR LTDA	8.99	2
57453		SERINGA DESC 05ML C/AG (CIRUR)	5ML	SANFARMA	1.50	85
56892		SERINGA DESC 10ML C/AG 25X07 LSSR (CIRUR)	SERINGA DESC 10ML C/AG 25X07 LSSR (CIRUR)	FARMAX	2.00	4
57656		SERINGA DESC. 10ML C/AG 25X7 . (.)	10ML	PERFUMARIA HIGIENE BELEZA	2.00	96
57654		SERINGA DESC. 20ML C/AG 25X7 . (.)	20ML	SERONO	3.00	14
58877		SERINGA INSULINA 1ML AG. FIXA0.25 X 6 (31G 5/16)	SERINGA INSULINA 1ML AG. FIXA0.25 X 6 (31G 5/16)	MEDICAL SYSTEM	1.50	0
59002	7898750000000	SERINGA NASAL GALINHAPINTADINHA 10ML - NOSEWASH	SERINGA NASAL GALINHAPINTADINHA 10ML - NOSEWASH	PERFUMARIA HIGIENE BELEZA	27.99	1
59245		SERTRALINA*C1 25MG 30CPR EUR	25MG 30COMP EUROFARMA	EUROFARMA	60.99	2
59998		SERUM+OL DOVE CAB B UV R+F110	SERUM+OL DOVE CAB B UV R+F110	SANTA CRUZ DISTRIBUIDORA	33.99	1
57223	78913200000000	SERVI???OS FARMAC???UTICOS	SERVI???OS FARMAC???UTICOS	PERFUMARIA HIGIENE BELEZA	40.00	58
59857		SH DOVE RECONST+AMINOACIDO370ML / UNILEVER / *(4,	SH DOVE RECONST+AMINOACIDO370ML / UNILEVER / *(4,	SANTA CRUZ DISTRIBUIDORA	26.99	1
59520		SH ELSEVE 200ML LISO DOSSONHOS BOTOX	SH ELSEVE 200ML LISO DOSSONHOS BOTOX	SANTA CRUZ DISTRIBUIDORA	16.99	2
59140		SH ELSEVE 200ML LONGOSONHOS(E)*	SH ELSEVE 200ML LONGOSONHOS(E)*	MARTINS COMERCIO E SERVI OS	16.99	3
59657		SH POM POM 200ML CAMOMILA(E)*	200ML	MARTINS COMERCIO E SERVI OS	11.99	1
59849		SH SEDA 300ML CERAMIDAS+COND190ML(E)*	SH SEDA 300ML CERAMIDAS+COND190ML(E)*	MARTINS COMERCIO E SERVI OS	20.99	2
59428		SH SEDA CACHOS 300ML+COND190ML	SH SEDA CACHOS 300ML+COND190ML	SANTA CRUZ DISTRIBUIDORA	20.99	2
59593		SH TRESEMME 650ML BLINDAGEMANTIUMIDADE PUMP	SH TRESEMME 650ML BLINDAGEMANTIUMIDADE PUMP	SANTA CRUZ DISTRIBUIDORA	32.99	1
59774		SH+COND PAL KIT 350ML CERAMPRECO ESP	SH+COND PAL KIT 350ML CERAMPRECO ESP	MARTINS COMERCIO E SERVI OS	18.99	2
28059		SH. J&J BABY 200ML (PHBALANCEADO)	SH. J&J BABY 200ML (PHBALANCEADO)	JOHNSON & JOHNSON	19.99	0
28061		SH. J&J BABY 200ML CACHEADOS	BABY CABELOS CACHEADOS	JOHNSON & JOHNSON	16.99	2
28063		SH. J&J BABY 200ML CHEIRINHO PROLONGADO	BABY CHEIRINHO PROLONGADO	JOHNSON & JOHNSON	15.99	2
28265		SH. POM POM 200ML SUAVE	SUAVE	PERFUMARIA HIGIENE BELEZA	9.99	3
59500		SHAMPOO ELSEVE GLYCOLICGLOSS 1X200ML	SHAMPOO ELSEVE GLYCOLICGLOSS 1X200ML	LOREAL	16.99	3
28531		SILDENAFILA CITRATO 50 MG C/ 4CPR	SILDENAFILA CITRATO 50 MG C/ 4CPR	NEO QUIMICA	7.99	4
48047		SILDENAFILA CITRATO 50 MG C/ 4CPR	SILDENAFILA CITRATO 50 MG C/ 4CPR	SANDOZ - HEXAL	9.99	1
44049		SILDENAFILA CITRATO 50 MG C/ 4CPR	SILDENAFILA CITRATO 50 MG C/ 4CPR	GERMED	7.99	22
58887		SIMETICONA 125MG C/10CAPS(SAG)	SIMETICONA 125MG C/10CAPS(SAG)	SANDOZ - HEXAL	11.99	6
28576		SIMETICONA GTS C/ 15 ML	75 MG GTS C/ 15 ML	CIMED	7.99	1
28635		SINVASTATINA 10 MG C/ 30 CPRSANDOZ	SINVASTATINA 10 MG C/ 30 CPRSANDOZ	SANDOZ - HEXAL	11.99	2
28642		SINVASTATINA 20 MG C/ 30 CPRSANDOZ	SINVASTATINA 20 MG C/ 30 CPRSANDOZ	SANDOZ - HEXAL	9.99	2
58553		SINVASTATINA 40MG COMP REV2BL X 15	SINVASTATINA 40MG COMP REV2BL X 15	CIMED	11.99	3
59941		SMELLS SPRAY PROPOLIS SABORMACA VERDE KIDS 40ML	SMELLS SPRAY PROPOLIS SABORMACA VERDE KIDS 40ML	EXPRESS DIST. DE MEDICAMENTOS LTDA	14.99	1
59820		SMELLS SPRAY PROPOLIS SABORMORANGO KIDS 40ML	SMELLS SPRAY PROPOLIS SABORMORANGO KIDS 40ML	EXPRESS DIST. DE MEDICAMENTOS LTDA	14.99	1
59942		SMELLS SPRAY PROPOLIS SABORUVA KIDS 40ML	SMELLS SPRAY PROPOLIS SABORUVA KIDS 40ML	EXPRESS DIST. DE MEDICAMENTOS LTDA	14.99	1
38467		SODIX 50 MG C/ 20 CPR(DICL.SODICO)-GEOLAB	SODIX 50 MG C/ 20 CPR(DICL.SODICO)-GEOLAB	GEOLAB	6.99	6
58622		SOLARDRIL LOCAO FR X 120 ML	SOLADRIL	UNIAO QUIMICA	34.99	1
28707		SOMALGIN CARDIO 100 MG C/ 60CPR	SOMALGIN CARDIO 100 MG C/ 60CPR	GERMED	51.19	0
56783		SOMINEX COMPOSTO C/20 DRGSNOVO	SOMINEX COMPOSTO C/20 DRGSNOVO	EMS	28.99	0
28877		SONRIDOR CAF C/ 2 CPR EFERV.	12X2 CPR EFERVECENTE	GSK - GLAXOSMITHKLINE	10.52	8
28879		SONRISAL 2 CPR EFERV.LIMAO	BL 2 COMP EFERV SB LIMAO	GSK - GLAXOSMITHKLINE	3.31	21
28880		SONRISAL 2 CPREFERV.TRADICIONAL	SONRISAL 2 CPREFERV.TRADICIONAL	GSK - GLAXOSMITHKLINE	3.31	18
56697		SORO FISIOLOGICO 500ML(SORIMAX) FARMAX	SORO FISIOLOGICO 500ML(SORIMAX) FARMAX	FARMAX	6.99	63
59333		SOSSEG 260MG COMP REV 2 BLX10	260MG 20COMP	CIMED	13.99	1
40457		SOYNATI 150 MG 30 CPR.	150 MG C/ 30 CPS	PHARMASCIENCE	34.99	2
28978		SPRAY BUC APIS FRESHMEL,PROP,ROMA 50ML	SPRAY BUC APIS FRESHMEL,PROP,ROMA 50ML	DIVERSOS	9.99	3
28980		SPRAY BUC APIS FRESHMEL/PROP/MENTA 50ML	SPRAY BUC APIS FRESHMEL/PROP/MENTA 50ML	DIVERSOS	9.99	4
41616		SPRAY DE MEL PROPOLISGENGIBRE 35 ML	SPRAY DE MEL PROPOLISGENGIBRE 35 ML	DIVERSOS	9.99	6
59718		SPRAY MEL PROPOLIS EASYGENGIBRE 30ML	SPRAY MEL PROPOLIS EASYGENGIBRE 30ML	BIOMED MATERIAL MEDICO HOSPITALAR LTDA	9.99	1
57913		SPRAY RABELO 45ML EXTRAFORTE ICE 8 EM 1	SPRAY RABELO 45ML EXTRAFORTE ICE 8 EM 1	RANBAXY	16.99	3
29096		STER MD COLIRIO 1,2 MG C/ 10 ML	1,2 ML SUS OFT X 10 ML	UNIAO QUIMICA	55.15	1
34410		STILGRIP GRANULADO SACHE	GRAN 1 ENV	HERTZ - KLEY HERTZ	3.00	31
55432		STOMALIV ENV. 5 GR	430+430+100 MG PO EFERV ENV X 5G	GEOLAB	2.49	39
59867		STREPSILS MEL LIMAO 24PST	8PASTILHAS	SANTA CRUZ DISTRIBUIDORA	15.99	2
59984		SUAVICID CREME 10 GR - ACET+HIDROQ+ TRETINOINA	SUAVICID CREME 10 GR - ACET+HIDROQ+ TRETINOINA	LEGRAND PHARMA	89.99	1
57724		SUCCINATO DE DESVENLAFAXINA(C1)	SUCCINATO DE DESVENLAFAXINA(C1)	LEGRAND PHARMA	63.99	2
57938		SUCCINATO METOPROLOL 50 MGCP REV BLX30	SUCCINATO METOPROLOL 50 MGCP REV BLX30	CIMED	39.99	2
58781		SUCCINATO METOPROLOL 50MGC/30CP (+) BL	SUCCINATO METOPROLOL 50MGC/30CP (+) BL	BIOLAB SANUS	42.99	1
58424		SUGANON 5MG C 30 CPR	30CP	EUROFARMA	159.90	1
57017		SUL NEOMICINA+BAC ZINCICA POMDERM X 10G	SUL NEOMICINA+BAC ZINCICA POMDERM X 10G	UNIAO QUIMICA	6.99	6
1640		SULFA+TRIMETOPRIMA C/ 200 MG100 ML	SULFA+TRIMETOPRIMA C/ 200 MG100 ML	EMS	40.00	4
41619		SULFA+TRIMETOPRINA 400+80 MGC/ 20 CPR - GENERICO	SULFA+TRIMETOPRINA 400+80 MGC/ 20 CPR - GENERICO	VITAPAN	19.99	4
58950		SULFADIAZINA PRATA 10MG/G(ATB)30G(+)GEN	SULFADIAZINA PRATA 10MG/G(ATB)30G(+)GEN	NATIVITA	24.99	1
1631		SULFADIAZINA PRATA CR 30 GRUNIAO QUIM	SULFADIAZINA PRATA CR 30 GRUNIAO QUIM	UNIAO QUIMICA	27.99	2
58905		SULFADIAZINA PRATA CREME 1%50G NATIVITA	SULFADIAZINA PRATA CREME 1%50G NATIVITA	NATIVITA	26.99	1
57096		TADALAFILA	20 mg x 4 cpr rev	LEGRAND PHARMA	7.99	1
56301		TADALAFILA 20 MG C/ 4 CPR	20 MG C/ 4 CPR REV	NEO QUIMICA	8.99	19
58069		TADALAFILA 20MG 4CPR GNGERMED	TADALAFILA 20MG 4CPR GNGERMED	GERMED	7.99	0
55999		TADALAFILA 5 MG C/ 28 CPR NQ	5 MG X 28 CPR REV	NEO QUIMICA	17.99	1
59444		TADALAFILA 5MG C/30 - CIMED	30COMP	CIMED	17.99	2
59712		TADALAFILA 5MG C/30 COMP 2X15NOVA QUIMICA	TADALAFILA 5MG C/30 COMP 2X15NOVA QUIMICA	NOVA QUIMICA	17.99	12
58704		TADALAFILA 5MG C/30CP (+)GERMED	TADALAFILA 5MG C/30CP (+)GERMED	GERMED	17.99	6
52067		TALCO BARLA 140 GR ANTISEPTICO	TALCO BARLA 140 GR ANTISEPTICO	PERFUMARIA HIGIENE BELEZA	8.99	4
56248		TALCO BARLA 80 GRANTISSEPTICO	TALCO BARLA 80 GRANTISSEPTICO	PERFUMARIA HIGIENE BELEZA	6.99	0
58900		TALCO POM POM 200G BABY(E)*	200G	PERFUMARIA HIGIENE BELEZA	18.69	3
29474		TANDRIFLAN C/ 15 CPR	C/ 15 CPR	UNIAO QUIMICA	9.99	1
29475		TANDRIFLAN C/ 30 CPR	C/ 30 CPR	UNIAO QUIMICA	19.99	1
57238		TAP KIDS 15% LOCAO CREMOSA X100 ML	TAP KIDS 15% LOCAO CREMOSA X100 ML	UNIAO QUIMICA	25.49	2
56881		TARTARATO BRIMONIDINA 0,2%COL 5ML (TEUTO)	TARTARATO BRIMONIDINA 0,2%COL 5ML (TEUTO)	TEUTO	25.99	2
29650		TENYS PE BARUEL PO 100 GRWOMAN	TENYS PE BARUEL PO 100 GRWOMAN	BARUEL	11.99	4
48601		TERBINAFINA CLORID. 250 MG 14CPS / GEN CLORIDRAT	TERBINAFINA CLORID. 250 MG 14CPS / GEN CLORIDRAT	PRATI DONADUZZI	34.99	1
29711		TERMOMETRO CLINICO DIGITALG-TECH ROSA	TERMOMETRO CLINICO DIGITALG-TECH ROSA	DIVERSOS	22.99	1
59866	0727295087966	TERMOMETRO DIGITAL RIGIDOMODKFT01	TERMOMETRO DIGITAL RIGIDOMODKFT01	BIOMED MATERIAL MEDICO HOSPITALAR LTDA	22.99	5
59202		TESOURA UNHA MERHEJE BABYMESCLADO	TESOURA UNHA MERHEJE BABYMESCLADO	CAA NORTE LTDA	17.99	1
29769		TESTE GRAVIDEZ BABY SURE	TESTE GRAVIDEZ BABY SURE	DIVERSOS	6.99	11
29778		TESTE GRAVIDEZ GRAV TEST	KIT TESTE GRAVIDEZ	DIVERSOS	9.99	11
1670		TETRACICLINA CLORID. 500 MG C/12 CPS PRATI	TETRACICLINA CLORID. 500 MG C/12 CPS PRATI	PRATI DONADUZZI	19.99	1
57547		TIABEN+NEOMI (MICOPLEX)50+5MG/G 45G CAZI (CAZI)	TIABEN+NEOMI (MICOPLEX)50+5MG/G 45G CAZI (CAZI)	CAZI	25.49	1
57296		TIBOLONA	2,5mg x 30cpr	NOVA QUIMICA	39.98	1
59040		TILEMAXY (PARACET) 200MG/MLSOL GTS15ML	TILEMAXY (PARACET) 200MG/MLSOL GTS15ML	NATULAB	6.99	7
59307		TILEMAXY CRIANCA(PARACET)160MG/5ML 60ML	TILEMAXY CRIANCA(PARACET)160MG/5ML 60ML	NATULAB	16.99	6
29867		TIMOLOL MALEATO 0,5% 5 MLGERMED	TIMOLOL MALEATO 0,5% 5 MLGERMED	GERMED	9.99	0
30076		TINT. COR & TON 2 PRETO	2.0 PRETO	NIELY	15.90	2
30077		TINT. COR & TON 3 CASTANHOESCURO	TINT. COR & TON 3 CASTANHOESCURO	NIELY	15.90	0
30079		TINT. COR & TON 4 CASTANHOMEDIO	TINT. COR & TON 4 CASTANHOMEDIO	NIELY	15.90	2
30081		TINT. COR & TON 5 CASTANHOCLARO	TINT. COR & TON 5 CASTANHOCLARO	NIELY	15.90	3
30084		TINT. COR & TON 6 LOURO ESCURO	6.0 LOURO ESCURO	NIELY	15.90	0
30089		TINT. COR & TON 6.7 CHOCOLATE	6.7 CHOCOLATE	NIELY	15.90	2
30091		TINT. COR & TON 7.1 LOURO CINZAMEDIO	TINT. COR & TON 7.1 LOURO CINZAMEDIO	NIELY	15.90	0
42751		TINT. MAXTON 6.0 LOURO ESCUROKIT	TINT. MAXTON 6.0 LOURO ESCUROKIT	PERFUMARIA HIGIENE BELEZA	14.99	1
44907		TINT. MAXTON CR 060G+OX 04.0CAST NAT(E) - 28320	TINT. MAXTON CR 060G+OX 04.0CAST NAT(E) - 28320	PERFUMARIA HIGIENE BELEZA	14.99	2
30408		TINT. MAXTON KIT PRATICO 5.0CAST CLARO	TINT. MAXTON KIT PRATICO 5.0CAST CLARO	PERFUMARIA HIGIENE BELEZA	14.99	1
44896		TINT. MAXTON+OX 150G 2.00 PRETONAT	TINT. MAXTON+OX 150G 2.00 PRETONAT	PERFUMARIA HIGIENE BELEZA	15.99	1
44915		TINT. MAXTON+OX 150G 6,70CHOCOLATE	TINT. MAXTON+OX 150G 6,70CHOCOLATE	PERFUMARIA HIGIENE BELEZA	14.99	2
60021		TINTURA DE ARNICA C/30ML(UNIPHAR)	TINTURA DE ARNICA C/30ML(UNIPHAR)	UNIPHAR	9.59	1
30607		TINTURA DE IODO 2% 30 MLFARMAX	TINTURA DE IODO 2% 30 MLFARMAX	FARMAX	9.49	2
40135		TIOCONAZOL+TINIDAZOL 35 GR C/ 7APLIC GERMED GEN	TIOCONAZOL+TINIDAZOL 35 GR C/ 7APLIC GERMED GEN	GERMED	72.08	0
57328		TIRA DE TESTE FREE LITE TUBO50TIRAS AUTO CODE G-T	TIRA DE TESTE FREE LITE TUBO50TIRAS AUTO CODE G-T	G TECH	84.99	2
58522	7908010000000	TIRAS REAGENTES DE TESTEGLICO COM CHIP	TIRAS REAGENTES DE TESTEGLICO COM CHIP	PERFUMARIA HIGIENE BELEZA	61.99	2
59591		TITENIL 20MG 10CPR REV(TENOXICAN)	TITENIL 20MG 10CPR REV(TENOXICAN)	GEOLAB	14.99	3
59211		TOALHA UMED BEBE LIMPINHOPREMIU C/140UN	TOALHA UMED BEBE LIMPINHOPREMIU C/140UN	CIMED	9.99	15
59775		TOALHAS UME.ENLACE 140X1	140 UNID	MARTINS COMERCIO E SERVI OS	13.69	11
59463		TOALHINHA MILI UMEDECIDA LOVEAMP CARE 1X100UND	TOALHINHA MILI UMEDECIDA LOVEAMP CARE 1X100UND	DICOPLAST DIST E COM DE PLASTICOS LTDA	17.89	6
59238		TOALHINHA UMEDEC.MILI C/50REF.528	TOALHINHA UMEDEC.MILI C/50REF.528	DICOPLAST DIST E COM DE PLASTICOS LTDA	7.99	4
59502		TOALHINHAS UMED PRATICPIQUITUCHO C/96 UNDS (CREME	TOALHINHAS UMED PRATICPIQUITUCHO C/96 UNDS (CREME	MARTINS COMERCIO E SERVI OS	11.99	7
57258		TOBRAMICINA 3MG/ML SOL OFT C/5ML (G) (GEOLA)	TOBRAMICINA 3MG/ML SOL OFT C/5ML (G) (GEOLA)	GEOLAB	17.99	2
1725		TOPIRAMATO 50 MG C/ 60 CPR (C1)GERMED GE	TOPIRAMATO 50 MG C/ 60 CPR (C1)GERMED GE	GERMED	55.99	2
30805		TORSILAX C/ 10 CPR	CX C/ 20 ENV. C/ 10 CPR	NEO QUIMICA	6.00	153
60002		TOSSEXPEC XPE 120ML(OXOMEMAZINA+IODETOPOTA+BENZO	TOSSEXPEC XPE 120ML(OXOMEMAZINA+IODETOPOTA+BENZO	NEO QUIMICA	25.99	2
59758		TRAMAD CLOR+PARAC 37,5+325MG10CPR REV GEN / EUR	TRAMAD CLOR+PARAC 37,5+325MG10CPR REV GEN / EUR	EUROFARMA	40.00	2
42352		TRAMADOL CLORID. 50 MG C/ 10CPS (A2)	TRAMADOL CLORID. 50 MG C/ 10CPS (A2)	LEGRAND PHARMA	19.99	5
1741		TRAMADOL CLORID. GTS C/ 100 MG15 ML (A2)	TRAMADOL CLORID. GTS C/ 100 MG15 ML (A2)	GERMED	59.99	2
56390		TRAXONOL 100 MG C/ 15 CPS	100 MG C/ 15 CPS GEL DUR	GEOLAB	29.99	0
58782		TRAZODONA 100MG (C1) GEN 30CPR REV-ALT	TRAZODONA 100MG (C1) GEN 30CPR REV-ALT	ALTHAIA	59.99	1
59594		TRESEMME COAT SPR SELAGEM180ML	TRESEMME COAT SPR SELAGEM180ML	SANTA CRUZ DISTRIBUIDORA	35.99	1
30927		TRIANCINOLONA ACETONIDAORABASE GERMED	TRIANCINOLONA ACETONIDAORABASE GERMED	GERMED	11.99	0
58144		TRIQUILAR C 21 DRG	21CP	BAYER	13.76	2
31008		TROMBOFOB GEL 40G	GEL C/ 40 GR	TAKEDA - NYCOMED ALTANA	43.94	1
58714		TROMETAMOL CETOROLACO 10 MGX20 COM SUBl	TROMETAMOL CETOROLACO 10 MGX20 COM SUBl	UNIAO QUIMICA	24.99	2
60019		TYFLEN 500MG 200CPRS(20X10)BRASTERAPICA	TYFLEN 500MG 200CPRS(20X10)BRASTERAPICA	BRASTERAPICA	5.00	8
58707		TYLEMAX BABY 100MG 15ML C/SER(PARACETAMOL (NATUL)	TYLEMAX BABY 100MG 15ML C/SER(PARACETAMOL (NATUL)	NATULAB	15.99	0
59095		Trometamol Cetorolaco 10mg 10cprGen / Germed Gen.	Trometamol Cetorolaco 10mg 10cprGen / Germed Gen.	GERMED	19.99	0
56477		ULTRAFIX CR BG S/ SABOR C/ 40GR	ULTRAFIX CR BG S/ SABOR C/ 40GR	UNIAO QUIMICA	39.99	3
57524		ULTRAFIX CREME S/ SABOR 20 G X1	ULTRAFIX CREME S/ SABOR 20 G X1	UNIAO QUIMICA	26.99	3
57617	0736532058010	UNHA DE GATO 500 MG 60 CPS	60CP	NATIVITA	25.99	1
58060		UNICLARIN COLIRIO 15 ML X 1 FR	15ML	UNIAO QUIMICA	10.99	3
57360		UREPEL 10% LOCAO FR X 150ML	150ML	UNIAO QUIMICA	38.49	2
57897		VALDA FRIENDS SACHE 1 25G	SACHE	PERFUMARIA HIGIENE BELEZA	6.99	10
59678		VALDA PAST FRIENDS MORANGDISP10	VALDA PAST FRIENDS MORANGDISP10	EMMARKA PB DISTRIB DE MEDICAMENTOS LTDA	6.99	4
31303		VALERIMED 50 MG C/ 20 CPR	50 CPR AD	DIVERSOS	21.99	3
59278		VALPROATO DE SODIO 500MG50CPR (C1) BIOLAB	VALPROATO DE SODIO 500MG50CPR (C1) BIOLAB	BIOLAB SANUS	71.99	3
59479		VALSARTANA 160MG COMP REV2BL X 15	VALSARTANA 160MG COMP REV2BL X 15	CIMED	29.99	1
44169		VALSARTANA 320 MG C/ 30 CPR	320 MG C/ 30 CPR REV	GERMED	58.99	1
58573		VALSARTANA 80 MG COMP REV2BLX15	VALSARTANA 80 MG COMP REV2BLX15	CIMED	26.99	2
31328		VARFARINA SODICA 5 MG C/ 30 CPRU.Q	VARFARINA SODICA 5 MG C/ 30 CPRU.Q	UNIAO QUIMICA	12.99	2
57289		VARICELL PHYTO C 30 CAPS	30CP	SANOFI-AVENTIS	59.99	1
52644		VARIVAX 100 MG C/ 30 CPR -	100 MG C/ 30 CPR -	NATULAB	34.99	1
56712		VARIVAX 300MG 30CPR (CASTANHADA INDIA)	VARIVAX 300MG 30CPR (CASTANHADA INDIA)	NATULAB	45.99	1
58835		VARYLIFT 500MG COM REV X 30	VARYLIFT	UNIAO QUIMICA	39.99	3
59705		VASELINA LIQ 100ML (UNIPH)	100ML	EXPRESS DISTRIBUIDORA DE MEDICAMENTOS LTDA	10.49	1
57921		VENLAFAXINA 75MG 30CAP GN C1GERMED	VENLAFAXINA 75MG 30CAP GN C1GERMED	GERMED	54.99	2
60007		VENOCHEA CREME 300G	300G	AVANTE	44.99	2
49325		VERTIGIUM 10 MG C/ 50 CPR	10 MG C/ 50 CPR	NEO QUIMICA	16.70	2
34966		VERTIZAN 10 MG C/ 50 CPR AD.	10 MG C/ 50 CPR AD.	VITAPAN	15.99	2
34204		VICK VAPORUB DISP 12 GR	EMB. HOSP	PROCTER & GAMBLE	23.80	23
1871		VIGAMOX SOL 5 ML	SOL FR 5 ML	NOVARTIS	56.56	0
57597		VIOLETA GENCIANA 1% C/30 ML(UNIPH)	VIOLETA GENCIANA 1% C/30 ML(UNIPH)	UNIPHAR	6.99	4
58567		VIT NEO QUIMICA CABELOS EUNHAS 60CAPS	VIT NEO QUIMICA CABELOS EUNHAS 60CAPS	NEO QUIMICA	19.99	1
57741		VIT NEO QUIMICA IMUNE FR 30CPRV	VIT NEO QUIMICA IMUNE FR 30CPRV	NEO QUIMICA	19.99	1
59928		VIT NEO QUIMICA VIT C 500MG30CPR (NEO S)	VIT NEO QUIMICA VIT C 500MG30CPR (NEO S)	NEO QUIMICA	19.99	4
59469		VITA SUPRAZ COM X 60(AL	MULTIVITAMINICO 60COMP	UNIAO QUIMICA	48.99	2
59037		VITA SUPRAZ HOMEM COM REV X60 (AL)	VITA SUPRAZ HOMEM COM REV X60 (AL)	UNIAO QUIMICA	49.99	1
58207		VITA SUPRAZ MULHER COM REV X60 (AL)	VITA SUPRAZ MULHER COM REV X60 (AL)	UNIAO QUIMICA	49.99	2
59470		VITA SUPRAZ VIT E CAP MOLE X 30(AL)	VITA SUPRAZ VIT E CAP MOLE X 30(AL)	UNIAO QUIMICA	28.99	2
59983		VITAMINA B12 2000 MCG/ML GEN INJ2,5ML-BIG	VITAMINA B12 2000 MCG/ML GEN INJ2,5ML-BIG	BIOLAB SANUS	44.99	1
57377		VITAMINA D GTS 20 ML DESUPRE(ARTE NATIVA)	VITAMINA D GTS 20 ML DESUPRE(ARTE NATIVA)	ARTE NATIVA	15.99	1
59036		VITAMINA D3 2.000UI X30 (AL)	30COMP	UNIAO QUIMICA	19.99	4
59890		VITAMINA D3 5.000UI 30CAP MOLE(NEO G)	VITAMINA D3 5.000UI 30CAP MOLE(NEO G)	NEO QUIMICA	29.99	5
60051		VITAMINA D3 50.000 UI COM REV X 88COMP		UNIAO QUIMICA	24.99	0
59107		VITAMINA D3 7000UI 10 CAPS-NQG	10CAPS	NEO QUIMICA	14.99	2
59985		VITAMINA K2 60CAPS (DUOM)	60CAPS	PBMED DISTRIBUIDORA LTDA	45.99	1
58817		VITASUPRAZ CHOCOLIX COM MASTX60 (AL)	VITASUPRAZ CHOCOLIX COM MASTX60 (AL)	UNIAO QUIMICA	27.99	2
58519		VITASUPRAZ JR SUSP OR 120ML(AL)	VITASUPRAZ JR SUSP OR 120ML(AL)	UNIAO QUIMICA	25.99	1
59038		VITASUPRAZ SENIOR COM REV X60(AL)	VITASUPRAZ SENIOR COM REV X60(AL)	UNIAO QUIMICA	49.99	1
57118		VITAXON C ZINCO 20ML SOL GTS(AIREL)	VITAXON C ZINCO 20ML SOL GTS(AIREL)	AIRELA	9.99	3
59907		VODOL CREME 28G	28G	UNIAO QUIMICA	29.99	2
56884		VOLIG 4MG 10 CPR (LEGRAND)	4MG 10 CP	LEGRAND PHARMA	11.99	1
31725		VOMISTOP GTS 10 ML	GTS C/ 10 ML	MEDQUIMICA	7.99	1
56970		WARYZ COMP REV 2BL X 15	30CP	CIMED	39.99	1
57014		XANTINON 100MG 10 CPR REVEST	CARTELA	UNIAO QUIMICA	6.26	7
58974		XANTINON AFTER 250ML FRUTVERM (AL)	XANTINON AFTER 250ML FRUTVERM (AL)	UNIAO QUIMICA	17.99	1
58715		XANTINON CAPSGEL	10CAPS	UNIAO QUIMICA	9.99	7
57011		XANTINON COMPLEX - SOL OR X 1FLAC 10ML	XANTINON COMPLEX - SOL OR X 1FLAC 10ML	UNIAO QUIMICA	3.99	10
57015		XANTINON COMPLEX SOL OR X 100ML	XANTINON COMPLEX SOL OR X 100ML	UNIAO QUIMICA	19.25	2
58102		XANTINON COMPLEX SOL OR X 12FLAC 10ML	XANTINON COMPLEX SOL OR X 12FLAC 10ML	UNIAO QUIMICA	3.85	22
58018		XAROPE DE GUACO S/ACUCAR150ML (NATUL) **BONIFIC.*	XAROPE DE GUACO S/ACUCAR150ML (NATUL) **BONIFIC.*	NATULAB	23.99	1
57796		XAROPE GUACO(MIKANIGLOM)100ML MELMENTOL	XAROPE GUACO(MIKANIGLOM)100ML MELMENTOL	NATUE	17.99	2
56629		XO INSETO 15% LOC FR C/ 200 ML	LOC FR C/ 200 ML	PERFUMARIA HIGIENE BELEZA	24.99	2
56618		XO INSETO 15% SPRAY C/ FR 200ML	XO INSETO 15% SPRAY C/ FR 200ML	PERFUMARIA HIGIENE BELEZA	25.99	2
58759		ZEROGLUT 348000 PPI CAP X 10 BL(AL)	ZEROGLUT 348000 PPI CAP X 10 BL(AL)	UNIAO QUIMICA	23.99	5
58837		ZEROLAC 10000FCC CAP MOLE X 10BL (AL)	ZEROLAC 10000FCC CAP MOLE X 10BL (AL)	UNIAO QUIMICA	26.99	1
58893		ZEROLAC 10000FCC COM MAST X10BL (AL)	ZEROLAC 10000FCC COM MAST X10BL (AL)	UNIAO QUIMICA	26.99	1
57164		ZEROLAC CAP X 30 (AL)	30 CP	UNIAO QUIMICA	46.99	1
59090		ZINCO MAIS 60CAPS (DUOM)	60CAPS	PBMED DISTRIBUIDORA LTDA	34.99	1
57545		ZINQUA BIO KIDS 100ML (AIRELA)	100ML	AIRELA	22.99	1
56212		ZIRVIT BABY C/ 30 ML	sus or fr x 30ml	ARESE PHARMA	64.99	2
